Time,Indoor Temperature(℉),Indoor Humidity(%),Outdoor Temperature(℉),Outdoor Humidity(%),Dew Point(℉),Feels Like(℉),Wind(mph),Gust(mph),Wind Direction(°),ABS Pressure(inhg),REL Pressure(inhg),Solar Rad.(w/m2),UVI,Hourly Rain(in),Event Rain(in),Daily Rain(in),Weekly Rain(in),Monthly Rain(in),Yearly Rain(in),Pm2.5(ug/m3)
2023/7/31 10:38,74.7,63,70.7,60,56.1,70.7,2.0,2.2,356,28.98,28.98,501.3,4,0.00,0.00,0.00,0.00,0.78,1.34,6
2023/7/31 10:39,74.7,63,70.9,62,57.2,70.9,4.3,5.8,273,28.98,28.98,509.1,4,0.00,0.00,0.00,0.00,0.78,1.34,6
2023/7/31 10:40,74.7,63,70.9,64,58.1,70.9,1.6,2.2,0,28.98,28.98,519.1,5,0.00,0.00,0.00,0.00,0.78,1.34,6
2023/7/31 10:41,74.7,63,70.9,62,57.2,70.9,3.6,5.8,5,28.98,28.98,536.3,5,0.00,0.00,0.00,0.00,0.78,1.34,6
2023/7/31 10:42,74.7,63,70.7,63,57.6,70.7,4.7,6.9,314,28.97,28.97,356.1,3,0.00,0.00,0.00,0.00,0.78,1.34,6
2023/7/31 10:43,74.7,63,70.5,59,55.6,70.5,4.5,5.8,282,28.98,28.98,256.5,2,0.00,0.00,0.00,0.00,0.78,1.34,6
2023/7/31 10:44,74.8,63,70.5,63,57.4,70.5,2.7,3.4,313,28.98,28.98,144.5,1,0.00,0.00,0.00,0.00,0.78,1.34,6
2023/7/31 10:45,74.8,63,70.3,61,56.3,70.3,1.6,2.2,6,28.98,28.98,134.3,1,0.00,0.00,0.00,0.00,0.78,1.34,6
2023/7/31 10:46,74.8,63,69.8,63,56.7,69.8,3.4,3.4,3,28.98,28.98,129.4,1,0.00,0.00,0.00,0.00,0.78,1.34,4
2023/7/31 10:47,74.8,63,69.8,64,57.2,69.8,1.3,2.2,6,28.98,28.98,131.9,1,0.00,0.00,0.00,0.00,0.78,1.34,4
2023/7/31 10:48,74.8,61,69.6,65,57.4,69.6,0.9,1.1,9,28.98,28.98,528.2,5,0.00,0.00,0.00,0.00,0.78,1.34,4
2023/7/31 10:49,74.8,60,69.6,65,57.4,69.6,2.2,3.4,312,28.98,28.98,534.8,5,0.00,0.00,0.00,0.00,0.78,1.34,4
2023/7/31 10:50,74.8,60,70.0,63,56.8,70.0,1.1,1.1,1,28.99,28.99,543.7,5,0.00,0.00,0.00,0.00,0.78,1.34,4
2023/7/31 10:51,74.7,61,70.5,61,56.5,70.5,1.8,3.4,227,28.99,28.99,550.2,5,0.00,0.00,0.00,0.00,0.78,1.34,4
2023/7/31 10:52,74.7,62,71.1,62,57.4,71.1,2.2,2.2,8,28.99,28.99,561.2,5,0.00,0.00,0.00,0.00,0.78,1.34,4
2023/7/31 10:53,74.7,63,71.1,60,56.5,71.1,1.1,2.2,21,28.99,28.99,577.2,5,0.00,0.00,0.00,0.00,0.78,1.34,4
2023/7/31 10:54,74.7,63,71.4,61,57.4,71.4,2.0,2.2,1,28.99,28.99,601.6,5,0.00,0.00,0.00,0.00,0.78,1.34,4
2023/7/31 10:55,74.7,63,71.8,59,56.7,71.8,2.7,3.4,351,28.99,28.99,621.7,6,0.00,0.00,0.00,0.00,0.78,1.34,4
2023/7/31 10:56,74.7,63,72.0,59,56.8,72.0,0.9,2.2,328,29.00,29.00,505.7,4,0.00,0.00,0.00,0.00,0.78,1.34,4
2023/7/31 10:57,74.7,64,72.1,60,57.6,72.1,3.4,5.8,272,28.99,28.99,418.9,4,0.00,0.00,0.00,0.00,0.78,1.34,4
2023/7/31 10:58,74.7,64,72.3,62,58.6,72.3,4.0,4.5,281,28.99,28.99,359.8,3,0.00,0.00,0.00,0.00,0.78,1.34,4
2023/7/31 10:59,74.8,64,72.1,60,57.6,72.1,4.5,5.8,321,28.99,28.99,381.9,3,0.00,0.00,0.00,0.00,0.78,1.34,4
2023/7/31 11:00,74.8,64,72.0,57,55.9,72.0,5.1,5.8,268,28.99,28.99,681.8,6,0.00,0.00,0.00,0.00,0.78,1.34,4
2023/7/31 11:01,74.8,64,71.8,58,56.3,71.8,4.3,5.8,297,29.00,29.00,361.0,3,0.00,0.00,0.00,0.00,0.78,1.34,4
2023/7/31 11:02,74.8,64,71.4,60,56.8,71.4,6.0,6.9,294,28.99,28.99,279.8,2,0.00,0.00,0.00,0.00,0.78,1.34,4
2023/7/31 11:03,74.8,64,71.2,61,57.2,71.2,3.4,4.5,7,28.99,28.99,278.7,2,0.00,0.00,0.00,0.00,0.78,1.34,4
2023/7/31 11:04,74.8,64,70.7,61,56.7,70.7,1.8,2.2,357,29.00,29.00,237.9,2,0.00,0.00,0.00,0.00,0.78,1.34,4
2023/7/31 11:05,74.8,64,70.5,59,55.6,70.5,5.4,6.9,281,29.00,29.00,228.0,2,0.00,0.00,0.00,0.00,0.78,1.34,4
2023/7/31 11:06,74.8,63,70.5,62,56.8,70.5,5.4,6.9,355,28.99,28.99,231.1,2,0.00,0.00,0.00,0.00,0.78,1.34,6
2023/7/31 11:07,74.8,63,70.2,62,56.5,70.2,1.8,2.2,334,29.00,29.00,211.1,2,0.00,0.00,0.00,0.00,0.78,1.34,6
2023/7/31 11:08,75.0,63,70.0,62,56.3,70.0,4.9,5.8,292,29.00,29.00,199.1,1,0.00,0.00,0.00,0.00,0.78,1.34,6
2023/7/31 11:09,75.0,62,70.0,62,56.3,70.0,4.9,6.9,285,29.00,29.00,203.5,1,0.00,0.00,0.00,0.00,0.78,1.34,6
2023/7/31 11:10,75.0,62,70.0,61,55.9,70.0,4.9,5.8,17,28.99,28.99,212.5,2,0.00,0.00,0.00,0.00,0.78,1.34,6
2023/7/31 11:11,74.8,61,69.8,61,55.8,69.8,4.5,5.8,287,28.99,28.99,217.0,2,0.00,0.00,0.00,0.00,0.78,1.34,6
2023/7/31 11:12,74.8,62,69.6,64,57.0,69.6,1.3,2.2,358,28.99,28.99,211.4,2,0.00,0.00,0.00,0.00,0.78,1.34,6
2023/7/31 11:13,74.8,63,69.6,62,55.9,69.6,2.9,4.5,48,28.99,28.99,223.8,2,0.00,0.00,0.00,0.00,0.78,1.34,6
2023/7/31 11:14,74.8,64,69.6,63,56.5,69.6,3.8,5.8,358,28.99,28.99,192.5,1,0.00,0.00,0.00,0.00,0.78,1.34,6
2023/7/31 11:15,74.8,64,69.6,64,57.0,69.6,3.8,5.8,235,28.99,28.99,182.7,1,0.00,0.00,0.00,0.00,0.78,1.34,6
2023/7/31 11:16,74.8,64,69.6,63,56.5,69.6,4.7,5.8,341,29.00,29.00,186.6,1,0.00,0.00,0.00,0.00,0.78,1.34,2
2023/7/31 11:17,74.8,64,69.6,65,57.4,69.6,4.0,5.8,359,29.00,29.00,286.4,2,0.00,0.00,0.00,0.00,0.78,1.34,2
2023/7/31 11:18,75.0,64,69.6,63,56.5,69.6,3.8,4.5,306,28.99,28.99,281.4,2,0.00,0.00,0.00,0.00,0.78,1.34,2
2023/7/31 11:19,75.0,64,69.6,63,56.5,69.6,4.9,6.9,306,29.00,29.00,614.4,5,0.00,0.00,0.00,0.00,0.78,1.34,2
2023/7/31 11:20,75.0,64,69.6,64,57.0,69.6,2.5,3.4,353,28.99,28.99,231.3,2,0.00,0.00,0.00,0.00,0.78,1.34,2
2023/7/31 11:21,75.0,64,69.8,64,57.2,69.8,1.8,2.2,0,28.99,28.99,267.1,2,0.00,0.00,0.00,0.00,0.78,1.34,2
2023/7/31 11:22,75.0,64,70.2,64,57.4,70.2,3.4,4.5,301,28.99,28.99,252.1,2,0.00,0.00,0.00,0.00,0.78,1.34,2
2023/7/31 11:23,75.0,64,70.2,64,57.4,70.2,2.9,4.5,5,28.99,28.99,254.4,2,0.00,0.00,0.00,0.00,0.78,1.34,2
2023/7/31 11:24,75.0,64,70.0,65,57.7,70.0,1.8,2.2,33,28.99,28.99,208.3,2,0.00,0.00,0.00,0.00,0.78,1.34,2
2023/7/31 11:25,75.0,64,70.0,65,57.7,70.0,4.3,4.5,307,29.00,29.00,211.5,2,0.00,0.00,0.00,0.00,0.78,1.34,2
2023/7/31 11:26,75.0,64,69.8,66,57.9,69.8,3.1,3.4,344,28.99,28.99,232.5,2,0.00,0.00,0.00,0.00,0.78,1.34,4
2023/7/31 11:27,75.0,64,69.8,65,57.6,69.8,3.6,4.5,286,29.00,29.00,327.8,3,0.00,0.00,0.00,0.00,0.78,1.34,4
2023/7/31 11:28,75.2,64,69.6,65,57.4,69.6,2.9,4.5,354,28.99,28.99,313.6,3,0.00,0.00,0.00,0.00,0.78,1.34,4
2023/7/31 11:29,75.2,63,69.6,66,57.7,69.6,4.5,5.8,306,28.99,28.99,656.2,6,0.00,0.00,0.00,0.00,0.78,1.34,4
2023/7/31 11:30,75.2,62,69.8,65,57.6,69.8,4.7,5.8,342,28.99,28.99,639.6,6,0.00,0.00,0.00,0.00,0.78,1.34,4
2023/7/31 11:31,75.2,61,70.0,65,57.7,70.0,1.3,2.2,350,28.99,28.99,636.8,6,0.00,0.00,0.00,0.00,0.78,1.34,4
2023/7/31 11:32,75.2,62,70.2,63,57.0,70.2,2.9,3.4,340,28.99,28.99,631.8,6,0.00,0.00,0.00,0.00,0.78,1.34,4
2023/7/31 11:33,75.0,63,70.5,64,57.7,70.5,1.1,1.1,5,28.99,28.99,632.2,6,0.00,0.00,0.00,0.00,0.78,1.34,4
2023/7/31 11:34,75.0,64,70.9,61,56.8,70.9,1.8,3.4,3,28.99,28.99,637.4,6,0.00,0.00,0.00,0.00,0.78,1.34,4
2023/7/31 11:35,75.0,64,71.2,62,57.6,71.2,3.6,4.5,285,28.99,28.99,648.0,6,0.00,0.00,0.00,0.00,0.78,1.34,4
2023/7/31 11:36,75.0,64,71.2,65,58.8,71.2,1.8,3.4,3,28.99,28.99,657.0,6,0.00,0.00,0.00,0.00,0.78,1.34,5
2023/7/31 11:37,75.0,64,71.4,61,57.4,71.4,4.9,5.8,253,28.99,28.99,668.5,6,0.00,0.00,0.00,0.00,0.78,1.34,5
2023/7/31 11:38,75.2,64,72.0,61,57.7,72.0,1.3,2.2,348,28.99,28.99,681.2,6,0.00,0.00,0.00,0.00,0.78,1.34,5
2023/7/31 11:39,75.0,65,72.0,63,58.6,72.0,1.1,1.1,348,28.98,28.98,683.4,6,0.00,0.00,0.00,0.00,0.78,1.34,5
2023/7/31 11:40,75.2,65,72.5,60,57.9,72.5,1.3,2.2,351,28.99,28.99,687.0,6,0.00,0.00,0.00,0.00,0.78,1.34,5
2023/7/31 11:41,75.2,65,72.9,62,59.0,72.9,0.2,1.1,349,28.98,28.98,703.1,6,0.00,0.00,0.00,0.00,0.78,1.34,5
2023/7/31 11:42,75.2,64,73.6,57,57.6,73.6,0.0,0.0,48,28.99,28.99,704.6,6,0.00,0.00,0.00,0.00,0.78,1.34,5
2023/7/31 11:43,75.2,64,74.3,56,57.6,74.3,0.0,0.0,46,28.98,28.98,236.6,2,0.00,0.00,0.00,0.00,0.78,1.34,5
2023/7/31 11:44,75.2,64,74.3,59,59.0,74.3,4.7,5.8,351,28.98,28.98,189.0,1,0.00,0.00,0.00,0.00,0.78,1.34,5
2023/7/31 11:45,75.2,64,73.9,57,57.7,73.9,1.3,2.2,17,28.99,28.99,194.7,1,0.00,0.00,0.00,0.00,0.78,1.34,5
2023/7/31 11:46,75.4,64,72.5,59,57.4,72.5,3.4,3.4,335,28.99,28.99,195.4,1,0.00,0.00,0.00,0.00,0.78,1.34,7
2023/7/31 11:47,75.2,64,72.0,60,57.4,72.0,2.5,3.4,10,28.98,28.98,205.2,2,0.00,0.00,0.00,0.00,0.78,1.34,7
2023/7/31 11:48,75.4,63,71.2,63,58.1,71.2,2.5,3.4,344,28.98,28.98,197.6,1,0.00,0.00,0.00,0.00,0.78,1.34,7
2023/7/31 11:49,75.4,62,71.1,61,57.0,71.1,5.4,6.9,282,28.99,28.99,214.8,2,0.00,0.00,0.00,0.00,0.78,1.34,7
2023/7/31 11:50,75.2,62,70.7,60,56.1,70.7,6.5,9.2,297,28.99,28.99,432.2,4,0.00,0.00,0.00,0.00,0.78,1.34,7
2023/7/31 11:51,75.2,61,70.7,62,57.0,70.7,3.1,4.5,339,28.99,28.99,699.9,6,0.00,0.00,0.00,0.00,0.78,1.34,7
2023/7/31 11:52,75.2,63,70.7,62,57.0,70.7,5.4,8.1,339,28.99,28.99,704.3,6,0.00,0.00,0.00,0.00,0.78,1.34,7
2023/7/31 11:53,75.2,63,71.2,61,57.2,71.2,2.2,2.2,3,28.99,28.99,710.0,6,0.00,0.00,0.00,0.00,0.78,1.34,7
2023/7/31 11:54,75.2,64,72.0,57,55.9,72.0,3.6,4.5,318,28.99,28.99,721.7,7,0.00,0.00,0.00,0.00,0.78,1.34,7
2023/7/31 11:55,75.2,64,72.3,57,56.3,72.3,4.9,6.9,285,28.99,28.99,734.0,7,0.00,0.00,0.00,0.00,0.78,1.34,7
2023/7/31 11:56,75.2,64,72.5,61,58.3,72.5,4.3,6.9,42,28.98,28.98,734.3,7,0.00,0.00,0.00,0.00,0.78,1.34,2
2023/7/31 11:57,75.2,64,72.5,60,57.9,72.5,4.5,5.8,359,28.99,28.99,752.6,7,0.00,0.00,0.00,0.00,0.78,1.34,2
2023/7/31 11:58,75.4,65,73.2,55,56.1,73.2,3.4,4.5,251,28.98,28.98,768.1,7,0.00,0.00,0.00,0.00,0.78,1.34,2
2023/7/31 11:59,75.4,65,73.2,56,56.7,73.2,2.9,4.5,308,28.99,28.99,780.7,7,0.00,0.00,0.00,0.00,0.78,1.34,2
2023/7/31 12:00,75.4,65,73.4,60,58.8,73.4,3.6,4.5,249,28.98,28.98,785.3,7,0.00,0.00,0.00,0.00,0.78,1.34,2
2023/7/31 12:01,75.4,65,73.6,56,57.0,73.6,3.8,6.9,308,28.99,28.99,737.7,7,0.00,0.00,0.00,0.00,0.78,1.34,2
2023/7/31 12:02,75.4,64,73.6,55,56.5,73.6,4.0,6.9,311,28.98,28.98,528.2,5,0.00,0.00,0.00,0.00,0.78,1.34,2
2023/7/31 12:03,75.4,64,73.4,58,57.7,73.4,6.9,8.1,338,28.99,28.99,277.9,2,0.00,0.00,0.00,0.00,0.78,1.34,2
2023/7/31 12:04,75.4,64,73.0,55,55.9,73.0,4.3,5.8,313,28.98,28.98,265.6,2,0.00,0.00,0.00,0.00,0.78,1.34,2
2023/7/31 12:05,75.4,64,72.3,58,56.7,72.3,3.1,3.4,289,28.98,28.98,272.7,2,0.00,0.00,0.00,0.00,0.78,1.34,2
2023/7/31 12:06,75.4,63,71.6,59,56.5,71.6,2.7,4.5,1,28.99,28.99,249.0,2,0.00,0.00,0.00,0.00,0.78,1.34,5
2023/7/31 12:07,75.4,62,71.4,62,57.7,71.4,1.6,2.2,161,28.99,28.99,239.5,2,0.00,0.00,0.00,0.00,0.78,1.34,5
2023/7/31 12:08,75.4,62,71.2,62,57.6,71.2,2.2,3.4,84,28.98,28.98,235.2,2,0.00,0.00,0.00,0.00,0.78,1.34,5
2023/7/31 12:09,75.4,62,71.2,65,58.8,71.2,0.7,1.1,3,28.99,28.99,219.7,2,0.00,0.00,0.00,0.00,0.78,1.34,5
2023/7/31 12:10,75.4,61,71.2,60,56.7,71.2,4.9,6.9,295,28.98,28.98,221.8,2,0.00,0.00,0.00,0.00,0.78,1.34,5
2023/7/31 12:11,75.4,62,71.2,60,56.7,71.2,4.5,6.9,230,28.99,28.99,224.9,2,0.00,0.00,0.00,0.00,0.78,1.34,5
2023/7/31 12:12,75.4,63,70.7,60,56.1,70.7,0.9,1.1,352,28.99,28.99,234.9,2,0.00,0.00,0.00,0.00,0.78,1.34,5
2023/7/31 12:13,75.4,64,70.7,61,56.7,70.7,1.3,2.2,333,29.00,29.00,452.3,4,0.00,0.00,0.00,0.00,0.78,1.34,5
2023/7/31 12:14,75.4,64,70.7,59,55.8,70.7,2.2,2.2,335,28.99,28.99,246.7,2,0.00,0.00,0.00,0.00,0.78,1.34,5
2023/7/31 12:15,75.4,64,70.7,60,56.1,70.7,2.0,2.2,0,28.99,28.99,251.6,2,0.00,0.00,0.00,0.00,0.78,1.34,5
2023/7/31 12:16,75.4,65,70.7,64,57.9,70.7,2.7,3.4,1,28.98,28.98,277.5,2,0.00,0.00,0.00,0.00,0.78,1.34,5
2023/7/31 12:17,75.4,65,70.7,61,56.7,70.7,2.5,3.4,2,28.99,28.99,734.7,7,0.00,0.00,0.00,0.00,0.78,1.34,5
2023/7/31 12:18,75.4,65,70.7,64,57.9,70.7,0.2,1.1,351,28.99,28.99,832.0,8,0.00,0.00,0.00,0.00,0.78,1.34,5
2023/7/31 12:19,75.4,65,70.9,59,55.9,70.9,1.1,1.1,359,28.99,28.99,757.4,7,0.00,0.00,0.00,0.00,0.78,1.34,5
2023/7/31 12:20,75.6,65,71.8,59,56.7,71.8,2.2,3.4,335,28.99,28.99,311.6,3,0.00,0.00,0.00,0.00,0.78,1.34,5
2023/7/31 12:21,75.6,65,72.0,61,57.7,72.0,2.9,3.4,334,28.99,28.99,726.5,7,0.00,0.00,0.00,0.00,0.78,1.34,5
2023/7/31 12:22,75.6,65,72.1,63,58.8,72.1,0.9,1.1,26,28.98,28.98,304.7,2,0.00,0.00,0.00,0.00,0.78,1.34,5
2023/7/31 12:23,75.6,65,72.1,63,58.8,72.1,0.0,0.0,26,28.98,28.98,275.2,2,0.00,0.00,0.00,0.00,0.78,1.34,5
2023/7/31 12:24,75.6,64,72.3,62,58.6,72.3,2.5,3.4,346,28.98,28.98,232.2,2,0.00,0.00,0.00,0.00,0.78,1.34,5
2023/7/31 12:25,75.6,64,72.3,58,56.7,72.3,2.5,3.4,348,28.98,28.98,215.3,2,0.00,0.00,0.00,0.00,0.78,1.34,5
2023/7/31 12:26,75.6,63,72.1,60,57.6,72.1,4.3,4.5,2,28.99,28.99,206.1,2,0.00,0.00,0.00,0.00,0.78,1.34,4
2023/7/31 12:27,75.6,62,72.0,62,58.3,72.0,2.5,3.4,356,28.99,28.99,195.3,1,0.00,0.00,0.00,0.00,0.78,1.34,4
2023/7/31 12:28,75.6,62,71.4,62,57.7,71.4,4.0,4.5,359,28.99,28.99,170.3,1,0.00,0.00,0.00,0.00,0.78,1.34,4
2023/7/31 12:29,75.6,62,70.9,58,55.4,70.9,4.0,5.8,3,28.99,28.99,160.5,1,0.00,0.00,0.00,0.00,0.78,1.34,4
2023/7/31 12:30,75.6,62,70.7,61,56.7,70.7,4.0,5.8,349,28.99,28.99,156.6,1,0.00,0.00,0.00,0.00,0.78,1.34,4
2023/7/31 12:31,75.6,63,70.7,62,57.0,70.7,2.5,3.4,0,28.99,28.99,154.5,1,0.00,0.00,0.00,0.00,0.78,1.34,4
2023/7/31 12:32,75.6,64,70.3,62,56.7,70.3,2.5,3.4,336,28.99,28.99,160.1,1,0.00,0.00,0.00,0.00,0.78,1.34,4
2023/7/31 12:33,75.6,64,70.3,64,57.6,70.3,2.5,4.5,357,28.99,28.99,169.2,1,0.00,0.00,0.00,0.00,0.78,1.34,4
2023/7/31 12:34,75.6,65,70.2,63,57.0,70.2,1.8,2.2,333,28.99,28.99,179.6,1,0.00,0.00,0.00,0.00,0.78,1.34,4
2023/7/31 12:35,75.6,65,70.2,63,57.0,70.2,3.8,5.8,320,28.98,28.98,190.1,1,0.00,0.00,0.00,0.00,0.78,1.34,4
2023/7/31 12:36,75.6,65,70.2,62,56.5,70.2,3.4,4.5,291,28.99,28.99,207.7,2,0.00,0.00,0.00,0.00,0.78,1.34,4
2023/7/31 12:37,75.6,65,70.0,63,56.8,70.0,1.1,1.1,321,28.99,28.99,461.9,4,0.00,0.00,0.00,0.00,0.78,1.34,4
2023/7/31 12:38,75.7,65,70.2,62,56.5,70.2,1.8,2.2,343,28.99,28.99,753.4,7,0.00,0.00,0.00,0.00,0.78,1.34,4
2023/7/31 12:39,75.7,65,70.3,60,55.9,70.3,3.8,4.5,347,28.99,28.99,761.2,7,0.00,0.00,0.00,0.00,0.78,1.34,4
2023/7/31 12:40,75.7,65,70.9,63,57.7,70.9,0.9,1.1,356,28.99,28.99,765.5,7,0.00,0.00,0.00,0.00,0.78,1.34,4
2023/7/31 12:41,75.7,65,71.4,59,56.3,71.4,2.5,3.4,323,28.98,28.98,773.1,7,0.00,0.00,0.00,0.00,0.78,1.34,4
2023/7/31 12:42,75.7,65,72.3,56,55.8,72.3,3.6,4.5,343,28.99,28.99,786.6,7,0.00,0.00,0.00,0.00,0.78,1.34,4
2023/7/31 12:43,75.7,64,72.3,62,58.6,72.3,1.3,2.2,74,28.98,28.98,786.6,7,0.00,0.00,0.00,0.00,0.78,1.34,4
2023/7/31 12:44,75.7,63,72.7,55,55.6,72.7,6.0,8.1,325,28.99,28.99,793.9,7,0.00,0.00,0.00,0.00,0.78,1.34,4
2023/7/31 12:45,75.7,62,72.9,57,56.8,72.9,4.7,5.8,287,28.99,28.99,261.4,2,0.00,0.00,0.00,0.00,0.78,1.34,4
2023/7/31 12:46,75.7,61,73.0,53,54.9,73.0,7.2,9.2,300,28.99,28.99,268.0,2,0.00,0.00,0.00,0.00,0.78,1.34,4
2023/7/31 12:47,75.7,61,72.9,55,55.8,72.9,3.4,3.4,336,28.99,28.99,262.0,2,0.00,0.00,0.00,0.00,0.78,1.34,4
2023/7/31 12:48,75.7,61,72.3,55,55.2,72.3,0.9,2.2,23,28.99,28.99,525.3,5,0.00,0.00,0.00,0.00,0.78,1.34,4
2023/7/31 12:49,75.7,63,72.1,52,53.6,72.1,3.1,4.5,312,28.99,28.99,775.0,7,0.00,0.00,0.00,0.00,0.78,1.34,4
2023/7/31 12:50,75.7,63,72.1,56,55.6,72.1,2.2,2.2,5,28.98,28.98,763.1,7,0.00,0.00,0.00,0.00,0.78,1.34,4
2023/7/31 12:51,75.7,64,72.1,52,53.6,72.1,4.7,5.8,330,28.99,28.99,756.2,7,0.00,0.00,0.00,0.00,0.78,1.34,4
2023/7/31 12:52,75.7,64,72.7,55,55.6,72.7,5.6,6.9,342,28.99,28.99,752.7,7,0.00,0.00,0.00,0.00,0.78,1.34,4
2023/7/31 12:53,75.7,64,72.9,53,54.9,72.9,4.0,4.5,334,28.99,28.99,747.0,7,0.00,0.00,0.00,0.00,0.78,1.34,4
2023/7/31 12:54,75.7,64,73.0,54,55.4,73.0,3.8,4.5,355,28.99,28.99,739.7,7,0.00,0.00,0.00,0.00,0.78,1.34,4
2023/7/31 12:55,75.7,65,73.2,52,54.5,73.2,2.0,2.2,344,29.00,29.00,747.4,7,0.00,0.00,0.00,0.00,0.78,1.34,4
2023/7/31 12:56,75.7,65,73.2,51,54.1,73.2,5.8,8.1,347,28.99,28.99,743.7,7,0.00,0.00,0.00,0.00,0.78,1.34,2
2023/7/31 12:57,75.9,65,73.2,56,56.7,73.2,3.4,4.5,284,29.00,29.00,742.9,7,0.00,0.00,0.00,0.00,0.78,1.34,2
2023/7/31 12:58,75.9,65,73.2,54,55.6,73.2,4.0,5.8,349,28.99,28.99,747.0,7,0.00,0.00,0.00,0.00,0.78,1.34,2
2023/7/31 12:59,75.9,65,73.2,55,56.1,73.2,4.9,6.9,316,28.99,28.99,751.8,7,0.00,0.00,0.00,0.00,0.78,1.34,2
2023/7/31 13:00,75.9,65,73.2,57,57.2,73.2,1.6,2.2,29,28.99,28.99,751.3,7,0.00,0.00,0.00,0.00,0.78,1.34,2
2023/7/31 13:01,75.9,65,73.2,57,57.2,73.2,2.7,4.5,0,28.99,28.99,756.5,7,0.00,0.00,0.00,0.00,0.78,1.34,2
2023/7/31 13:02,75.9,63,73.6,54,55.9,73.6,5.4,5.8,297,28.99,28.99,765.6,7,0.00,0.00,0.00,0.00,0.78,1.34,2
2023/7/31 13:03,75.9,63,73.8,55,56.7,73.8,4.3,5.8,249,28.98,28.98,768.7,7,0.00,0.00,0.00,0.00,0.78,1.34,2
2023/7/31 13:04,75.9,62,73.8,53,55.6,73.8,4.0,5.8,269,28.99,28.99,763.5,7,0.00,0.00,0.00,0.00,0.78,1.34,2
2023/7/31 13:05,75.9,62,73.6,55,56.5,73.6,4.7,5.8,353,28.99,28.99,764.3,7,0.00,0.00,0.00,0.00,0.78,1.34,2
2023/7/31 13:06,75.9,62,73.2,58,57.6,73.2,3.6,4.5,67,28.99,28.99,759.5,7,0.00,0.00,0.00,0.00,0.78,1.34,5
2023/7/31 13:07,75.9,62,73.2,54,55.6,73.2,3.1,4.5,314,29.00,29.00,748.2,7,0.00,0.00,0.00,0.00,0.78,1.34,5
2023/7/31 13:08,75.9,63,73.6,60,58.8,73.6,1.3,2.2,98,28.98,28.98,735.6,7,0.00,0.00,0.00,0.00,0.78,1.34,5
2023/7/31 13:09,75.7,63,74.3,55,57.2,74.3,4.3,5.8,288,28.99,28.99,737.8,7,0.00,0.00,0.00,0.00,0.78,1.34,5
2023/7/31 13:10,75.9,64,74.5,52,55.8,74.5,4.9,6.9,281,28.99,28.99,180.3,1,0.00,0.00,0.00,0.00,0.78,1.34,5
2023/7/31 13:11,75.9,64,74.5,55,57.2,74.5,3.4,5.8,214,28.99,28.99,191.9,1,0.00,0.00,0.00,0.00,0.78,1.34,5
2023/7/31 13:12,75.9,64,73.6,53,55.4,73.6,2.7,5.8,294,29.00,29.00,744.7,7,0.00,0.00,0.00,0.00,0.78,1.34,5
2023/7/31 13:13,75.9,65,73.4,54,55.8,73.4,3.6,4.5,315,28.99,28.99,744.7,7,0.00,0.00,0.00,0.00,0.78,1.34,5
2023/7/31 13:14,75.9,65,73.6,55,56.5,73.6,2.7,3.4,347,28.99,28.99,745.1,7,0.00,0.00,0.00,0.00,0.78,1.34,5
2023/7/31 13:15,76.1,65,73.8,56,57.2,73.8,2.9,4.5,335,28.99,28.99,738.7,7,0.00,0.00,0.00,0.00,0.78,1.34,5
2023/7/31 13:16,76.1,65,73.8,55,56.7,73.8,2.7,4.5,345,28.99,28.99,737.8,7,0.00,0.00,0.00,0.00,0.78,1.34,5
2023/7/31 13:17,76.1,65,73.8,51,54.5,73.8,3.8,4.5,348,28.98,28.98,744.0,7,0.00,0.00,0.00,0.00,0.78,1.34,5
2023/7/31 13:18,76.1,65,73.8,58,58.1,73.8,2.5,3.4,337,28.99,28.99,749.6,7,0.00,0.00,0.00,0.00,0.78,1.34,5
2023/7/31 13:19,76.1,65,73.6,51,54.3,73.6,4.5,5.8,305,28.99,28.99,758.3,7,0.00,0.00,0.00,0.00,0.78,1.34,5
2023/7/31 13:20,76.1,65,73.8,53,55.6,73.8,2.9,4.5,355,28.99,28.99,775.2,7,0.00,0.00,0.00,0.00,0.78,1.34,5
2023/7/31 13:21,76.1,63,73.8,53,55.6,73.8,2.5,3.4,16,28.99,28.99,261.0,2,0.00,0.00,0.00,0.00,0.78,1.34,5
2023/7/31 13:22,76.1,63,73.8,53,55.6,73.8,1.6,3.4,279,28.98,28.98,786.9,7,0.00,0.00,0.00,0.00,0.78,1.34,5
2023/7/31 13:23,76.1,62,73.9,53,55.8,73.9,3.8,4.5,332,28.99,28.99,538.9,5,0.00,0.00,0.00,0.00,0.78,1.34,5
2023/7/31 13:24,76.1,62,73.9,54,56.3,73.9,2.9,3.4,355,28.99,28.99,786.4,7,0.00,0.00,0.00,0.00,0.78,1.34,5
2023/7/31 13:25,76.1,62,73.9,51,54.7,73.9,6.7,8.1,349,28.99,28.99,757.4,7,0.00,0.00,0.00,0.00,0.78,1.34,5
2023/7/31 13:26,76.1,62,73.8,52,55.0,73.8,4.0,4.5,357,28.99,28.99,774.8,7,0.00,0.00,0.00,0.00,0.78,1.34,4
2023/7/31 13:27,76.1,64,73.4,52,54.7,73.4,6.5,8.1,291,28.99,28.99,359.6,3,0.00,0.00,0.00,0.00,0.78,1.34,4
2023/7/31 13:28,76.1,64,73.0,55,55.9,73.0,3.4,6.9,325,28.99,28.99,760.0,7,0.00,0.00,0.00,0.00,0.78,1.34,4
2023/7/31 13:29,76.1,64,73.0,50,53.4,73.0,2.9,4.5,330,28.99,28.99,752.6,7,0.00,0.00,0.00,0.00,0.78,1.34,4
2023/7/31 13:30,76.1,64,73.2,52,54.5,73.2,2.2,3.4,352,28.99,28.99,748.3,7,0.00,0.00,0.00,0.00,0.78,1.34,4
2023/7/31 13:31,76.1,65,73.8,51,54.5,73.8,3.4,4.5,342,28.99,28.99,750.7,7,0.00,0.00,0.00,0.00,0.78,1.34,4
2023/7/31 13:32,76.1,65,73.8,50,54.0,73.8,5.4,6.9,258,28.99,28.99,747.9,7,0.00,0.00,0.00,0.00,0.78,1.34,4
2023/7/31 13:33,76.3,65,73.8,54,56.1,73.8,5.1,5.8,301,28.99,28.99,745.3,7,0.00,0.00,0.00,0.00,0.78,1.34,4
2023/7/31 13:34,76.3,65,73.8,49,53.4,73.8,4.9,6.9,11,28.99,28.99,740.1,7,0.00,0.00,0.00,0.00,0.78,1.34,4
2023/7/31 13:35,76.3,65,73.8,56,57.2,73.8,4.9,6.9,1,28.99,28.99,734.4,7,0.00,0.00,0.00,0.00,0.78,1.34,4
2023/7/31 13:36,76.3,65,73.8,51,54.5,73.8,6.0,8.1,270,28.99,28.99,733.5,7,0.00,0.00,0.00,0.00,0.78,1.34,5
2023/7/31 13:37,76.3,65,73.8,52,55.0,73.8,3.4,4.5,351,28.99,28.99,732.2,7,0.00,0.00,0.00,0.00,0.78,1.34,5
2023/7/31 13:38,76.3,65,73.8,55,56.7,73.8,2.5,3.4,358,28.99,28.99,729.4,7,0.00,0.00,0.00,0.00,0.78,1.34,5
2023/7/31 13:39,76.5,63,73.8,54,56.1,73.8,4.0,5.8,322,28.99,28.99,729.7,7,0.00,0.00,0.00,0.00,0.78,1.34,5
2023/7/31 13:40,76.3,62,73.9,51,54.7,73.9,7.2,9.2,300,28.99,28.99,728.9,7,0.00,0.00,0.00,0.00,0.78,1.34,5
2023/7/31 13:41,76.3,62,73.9,51,54.7,73.9,5.8,6.9,316,28.99,28.99,723.6,7,0.00,0.00,0.00,0.00,0.78,1.34,5
2023/7/31 13:42,76.3,61,73.9,53,55.8,73.9,3.8,4.5,267,29.00,29.00,726.5,7,0.00,0.00,0.00,0.00,0.78,1.34,5
2023/7/31 13:43,76.3,61,73.9,56,57.4,73.9,2.0,3.4,296,28.99,28.99,724.6,7,0.00,0.00,0.00,0.00,0.78,1.34,5
2023/7/31 13:44,76.3,62,74.1,53,55.9,74.1,4.0,6.9,355,28.99,28.99,719.2,7,0.00,0.00,0.00,0.00,0.78,1.34,5
2023/7/31 13:45,76.3,63,74.3,52,55.6,74.3,2.9,4.5,19,28.99,28.99,713.1,6,0.00,0.00,0.00,0.00,0.78,1.34,5
2023/7/31 13:46,76.3,64,74.3,50,54.5,74.3,6.7,8.1,321,28.99,28.99,713.6,6,0.00,0.00,0.00,0.00,0.78,1.34,3
2023/7/31 13:47,76.3,64,73.9,50,54.1,73.9,2.9,3.4,359,28.99,28.99,717.0,6,0.00,0.00,0.00,0.00,0.78,1.34,3
2023/7/31 13:48,76.3,64,73.9,52,55.2,73.9,1.3,2.2,13,28.99,28.99,718.5,7,0.00,0.00,0.00,0.00,0.78,1.34,3
2023/7/31 13:49,76.3,65,74.1,52,55.4,74.1,4.5,5.8,10,28.98,28.98,721.8,7,0.00,0.00,0.00,0.00,0.78,1.34,3
2023/7/31 13:50,76.3,65,74.5,49,54.1,74.5,2.7,4.5,299,28.99,28.99,718.3,7,0.00,0.00,0.00,0.00,0.78,1.34,3
2023/7/31 13:51,76.5,65,74.8,54,57.2,74.8,2.5,3.4,2,28.99,28.99,721.9,7,0.00,0.00,0.00,0.00,0.78,1.34,3
2023/7/31 13:52,76.5,65,75.0,48,54.1,75.0,5.1,8.1,290,28.99,28.99,724.4,7,0.00,0.00,0.00,0.00,0.78,1.34,3
2023/7/31 13:53,76.5,65,75.0,50,55.2,75.0,1.3,2.2,16,28.98,28.98,729.5,7,0.00,0.00,0.00,0.00,0.78,1.34,3
2023/7/31 13:54,76.5,65,74.8,49,54.5,74.8,3.8,5.8,331,28.98,28.98,734.2,7,0.00,0.00,0.00,0.00,0.78,1.34,3
2023/7/31 13:55,76.5,65,74.7,50,54.9,74.7,5.1,9.2,301,28.98,28.98,742.0,7,0.00,0.00,0.00,0.00,0.78,1.34,3
2023/7/31 13:56,76.5,66,74.5,50,54.7,74.5,3.8,4.5,289,28.99,28.99,739.1,7,0.00,0.00,0.00,0.00,0.78,1.34,4
2023/7/31 13:57,76.6,64,73.9,51,54.7,73.9,3.4,4.5,283,28.99,28.99,735.7,7,0.00,0.00,0.00,0.00,0.78,1.34,4
2023/7/31 13:58,76.5,63,73.9,54,56.3,73.9,4.9,8.1,320,28.99,28.99,734.9,7,0.00,0.00,0.00,0.00,0.78,1.34,4
2023/7/31 13:59,76.5,63,73.9,51,54.7,73.9,4.7,6.9,339,28.98,28.98,735.0,7,0.00,0.00,0.00,0.00,0.78,1.34,4
2023/7/31 14:00,76.5,62,73.8,47,52.3,73.8,8.3,10.3,256,28.99,28.99,741.0,7,0.00,0.00,0.00,0.00,0.78,1.34,4
2023/7/31 14:01,76.5,62,73.8,48,52.9,73.8,5.4,6.9,344,28.99,28.99,729.4,7,0.00,0.00,0.00,0.00,0.78,1.34,4
2023/7/31 14:02,76.5,62,73.8,49,53.4,73.8,3.1,4.5,228,28.99,28.99,744.2,7,0.00,0.00,0.00,0.00,0.78,1.34,4
2023/7/31 14:03,76.5,63,74.1,52,55.4,74.1,1.3,2.2,339,28.99,28.99,357.0,3,0.00,0.00,0.00,0.00,0.78,1.34,4
2023/7/31 14:04,76.5,64,74.5,50,54.7,74.5,3.8,4.5,268,28.99,28.99,734.0,7,0.00,0.00,0.00,0.00,0.78,1.34,4
2023/7/31 14:05,76.5,64,74.5,51,55.2,74.5,3.8,5.8,341,28.99,28.99,726.9,7,0.00,0.00,0.00,0.00,0.78,1.34,4
2023/7/31 14:06,76.5,64,74.5,51,55.2,74.5,4.5,5.8,307,28.99,28.99,726.8,7,0.00,0.00,0.00,0.00,0.78,1.34,5
2023/7/31 14:07,76.5,65,74.5,48,53.6,74.5,6.0,6.9,253,28.99,28.99,717.5,6,0.00,0.00,0.00,0.00,0.78,1.34,5
2023/7/31 14:08,76.6,65,74.5,49,54.1,74.5,4.9,6.9,287,28.99,28.99,715.8,6,0.00,0.00,0.00,0.00,0.78,1.34,5
2023/7/31 14:09,76.6,65,74.3,49,54.0,74.3,6.9,10.3,264,28.99,28.99,732.6,7,0.00,0.00,0.00,0.00,0.78,1.34,5
2023/7/31 14:10,76.6,65,74.1,53,55.9,74.1,1.8,3.4,7,28.99,28.99,721.9,7,0.00,0.00,0.00,0.00,0.78,1.34,5
2023/7/31 14:11,76.6,65,74.1,53,55.9,74.1,2.0,5.8,244,28.99,28.99,603.1,5,0.00,0.00,0.00,0.00,0.78,1.34,5
2023/7/31 14:12,76.6,65,74.3,53,56.1,74.3,5.1,6.9,330,29.00,29.00,713.3,6,0.00,0.00,0.00,0.00,0.78,1.34,5
2023/7/31 14:13,76.6,65,74.3,51,55.0,74.3,6.0,8.1,319,28.99,28.99,425.2,4,0.00,0.00,0.00,0.00,0.78,1.34,5
2023/7/31 14:14,76.8,65,74.3,50,54.5,74.3,1.3,2.2,32,28.99,28.99,707.3,6,0.00,0.00,0.00,0.00,0.78,1.34,5
2023/7/31 14:15,76.8,63,74.1,49,53.8,74.1,6.0,9.2,17,29.00,29.00,699.5,6,0.00,0.00,0.00,0.00,0.78,1.34,5
2023/7/31 14:16,76.8,62,74.1,50,54.3,74.1,3.1,4.5,304,28.99,28.99,693.9,6,0.00,0.00,0.00,0.00,0.78,1.34,4
2023/7/31 14:17,76.8,62,73.9,50,54.1,73.9,4.0,5.8,290,28.99,28.99,687.9,6,0.00,0.00,0.00,0.00,0.78,1.34,4
2023/7/31 14:18,76.6,62,73.9,52,55.2,73.9,1.3,2.2,3,28.99,28.99,690.4,6,0.00,0.00,0.00,0.00,0.78,1.34,4
2023/7/31 14:19,76.6,62,73.9,50,54.1,73.9,4.0,4.5,331,28.99,28.99,689.9,6,0.00,0.00,0.00,0.00,0.78,1.34,4
2023/7/31 14:20,76.6,62,74.1,50,54.3,74.1,4.0,6.9,286,28.99,28.99,692.5,6,0.00,0.00,0.00,0.00,0.78,1.34,4
2023/7/31 14:21,76.6,63,74.3,50,54.5,74.3,1.8,2.2,324,28.99,28.99,690.8,6,0.00,0.00,0.00,0.00,0.78,1.34,4
2023/7/31 14:22,76.6,64,74.5,47,52.9,74.5,6.0,9.2,315,28.99,28.99,696.4,6,0.00,0.00,0.00,0.00,0.78,1.34,4
2023/7/31 14:23,76.6,64,74.3,48,53.4,74.3,7.2,10.3,324,28.99,28.99,700.5,6,0.00,0.00,0.00,0.00,0.78,1.34,4
2023/7/31 14:24,76.6,64,74.3,47,52.7,74.3,3.8,5.8,1,28.99,28.99,705.7,6,0.00,0.00,0.00,0.00,0.78,1.34,4
2023/7/31 14:25,76.6,64,74.3,47,52.7,74.3,1.6,3.4,304,28.98,28.98,696.4,6,0.00,0.00,0.00,0.00,0.78,1.34,4
2023/7/31 14:26,76.8,65,74.5,43,50.5,74.5,4.0,5.8,270,28.99,28.99,695.7,6,0.00,0.00,0.00,0.00,0.78,1.34,3
2023/7/31 14:27,76.8,65,74.7,44,51.4,74.7,6.0,6.9,259,28.99,28.99,695.4,6,0.00,0.00,0.00,0.00,0.78,1.34,3
2023/7/31 14:28,76.8,65,74.5,44,51.3,74.5,5.8,6.9,326,28.99,28.99,695.1,6,0.00,0.00,0.00,0.00,0.78,1.34,3
2023/7/31 14:29,76.8,65,74.3,45,51.6,74.3,3.1,5.8,341,28.99,28.99,691.9,6,0.00,0.00,0.00,0.00,0.78,1.34,3
2023/7/31 14:30,76.8,65,74.5,44,51.3,74.5,4.7,6.9,351,28.99,28.99,692.8,6,0.00,0.00,0.00,0.00,0.78,1.34,3
2023/7/31 14:31,76.8,65,74.5,48,53.6,74.5,0.9,1.1,10,28.99,28.99,688.3,6,0.00,0.00,0.00,0.00,0.78,1.34,3
2023/7/31 14:32,76.8,63,74.5,47,52.9,74.5,3.4,4.5,332,28.99,28.99,686.4,6,0.00,0.00,0.00,0.00,0.78,1.34,3
2023/7/31 14:33,77.0,62,74.5,50,54.7,74.5,2.0,2.2,11,28.99,28.99,686.1,6,0.00,0.00,0.00,0.00,0.78,1.34,3
2023/7/31 14:34,76.8,62,74.7,53,56.5,74.7,2.5,3.4,352,28.99,28.99,686.1,6,0.00,0.00,0.00,0.00,0.78,1.34,3
2023/7/31 14:35,77.0,61,74.7,51,55.4,74.7,3.6,4.5,306,28.99,28.99,683.3,6,0.00,0.00,0.00,0.00,0.78,1.34,3
2023/7/31 14:36,76.8,61,75.4,48,54.3,75.4,3.4,4.5,330,28.99,28.99,680.5,6,0.00,0.00,0.00,0.00,0.78,1.34,4
2023/7/31 14:37,76.8,61,75.4,48,54.3,75.4,4.5,8.1,275,28.99,28.99,678.2,6,0.00,0.00,0.00,0.00,0.78,1.34,4
2023/7/31 14:38,76.8,60,75.4,51,56.1,75.4,3.1,5.8,358,28.99,28.99,673.7,6,0.00,0.00,0.00,0.00,0.78,1.34,4
2023/7/31 14:39,76.8,62,74.8,44,51.4,74.8,3.4,4.5,327,28.99,28.99,666.9,6,0.00,0.00,0.00,0.00,0.78,1.34,4
2023/7/31 14:40,76.8,63,74.5,44,51.3,74.5,4.5,5.8,312,28.99,28.99,666.5,6,0.00,0.00,0.00,0.00,0.78,1.34,4
2023/7/31 14:41,76.8,63,74.5,47,52.9,74.5,1.8,2.2,328,28.99,28.99,667.3,6,0.00,0.00,0.00,0.00,0.78,1.34,4
2023/7/31 14:42,76.8,64,74.5,47,52.9,74.5,2.9,3.4,345,28.98,28.98,663.2,6,0.00,0.00,0.00,0.00,0.78,1.34,4
2023/7/31 14:43,76.8,64,74.5,45,51.8,74.5,6.9,10.3,262,28.99,28.99,663.6,6,0.00,0.00,0.00,0.00,0.78,1.34,4
2023/7/31 14:44,76.8,64,74.1,47,52.7,74.1,5.1,5.8,312,28.99,28.99,665.8,6,0.00,0.00,0.00,0.00,0.78,1.34,4
2023/7/31 14:45,76.8,64,73.6,48,52.7,73.6,3.6,5.8,345,28.99,28.99,661.6,6,0.00,0.00,0.00,0.00,0.78,1.34,4
2023/7/31 14:46,76.8,63,73.6,48,52.7,73.6,2.2,3.4,305,28.98,28.98,659.5,6,0.00,0.00,0.00,0.00,0.78,1.34,3
2023/7/31 14:47,76.8,63,74.1,51,54.9,74.1,0.9,1.1,354,28.98,28.98,658.4,6,0.00,0.00,0.00,0.00,0.78,1.34,3
2023/7/31 14:48,76.8,63,74.7,46,52.5,74.7,3.1,4.5,310,28.98,28.98,657.9,6,0.00,0.00,0.00,0.00,0.78,1.34,3
2023/7/31 14:49,76.8,62,74.7,50,54.9,74.7,0.7,1.1,8,28.99,28.99,651.1,6,0.00,0.00,0.00,0.00,0.78,1.34,3
2023/7/31 14:50,77.0,62,74.8,46,52.7,74.8,4.0,8.1,342,28.98,28.98,651.4,6,0.00,0.00,0.00,0.00,0.78,1.34,3
2023/7/31 14:51,77.0,61,75.0,48,54.1,75.0,1.6,2.2,317,28.99,28.99,651.1,6,0.00,0.00,0.00,0.00,0.78,1.34,3
2023/7/31 14:52,77.0,61,74.8,49,54.5,74.8,3.6,4.5,296,28.98,28.98,647.5,6,0.00,0.00,0.00,0.00,0.78,1.34,3
2023/7/31 14:53,76.8,60,74.7,50,54.9,74.7,0.0,0.0,28,28.98,28.98,642.6,6,0.00,0.00,0.00,0.00,0.78,1.34,3
2023/7/31 14:54,76.8,60,74.7,51,55.4,74.7,2.5,3.4,285,28.98,28.98,641.5,6,0.00,0.00,0.00,0.00,0.78,1.34,3
2023/7/31 14:55,76.8,60,74.8,53,56.7,74.8,1.3,2.2,27,28.98,28.98,646.1,6,0.00,0.00,0.00,0.00,0.78,1.34,3
2023/7/31 14:56,76.8,59,75.0,48,54.1,75.0,2.5,3.4,71,28.98,28.98,641.3,6,0.00,0.00,0.00,0.00,0.78,1.34,4
2023/7/31 14:57,76.8,61,75.6,47,54.0,75.6,2.2,3.4,154,28.97,28.97,640.5,6,0.00,0.00,0.00,0.00,0.78,1.34,4
2023/7/31 14:58,76.8,61,75.7,48,54.7,75.7,4.0,5.8,314,28.98,28.98,641.3,6,0.00,0.00,0.00,0.00,0.78,1.34,4
2023/7/31 14:59,76.8,62,75.7,53,57.4,75.7,3.4,4.5,340,28.97,28.97,637.7,6,0.00,0.00,0.00,0.00,0.78,1.34,4
2023/7/31 15:00,76.8,62,75.6,56,58.8,75.6,2.5,3.4,291,28.98,28.98,634.6,6,0.00,0.00,0.00,0.00,0.78,1.34,4
2023/7/31 15:01,76.8,62,75.7,48,54.7,75.7,2.9,5.8,346,28.98,28.98,643.1,6,0.00,0.00,0.00,0.00,0.78,1.34,4
2023/7/31 15:02,76.8,62,75.9,56,59.2,75.9,2.0,3.4,276,28.98,28.98,639.3,6,0.00,0.00,0.00,0.00,0.78,1.34,4
2023/7/31 15:03,76.8,62,76.3,50,56.3,76.3,0.7,1.1,41,28.97,28.97,635.3,6,0.00,0.00,0.00,0.00,0.78,1.34,4
2023/7/31 15:04,77.0,62,76.5,49,55.9,76.5,2.5,3.4,329,28.97,28.97,636.7,6,0.00,0.00,0.00,0.00,0.78,1.34,4
2023/7/31 15:05,77.0,62,76.3,47,54.5,76.3,3.4,5.8,7,28.97,28.97,633.7,6,0.00,0.00,0.00,0.00,0.78,1.34,4
2023/7/31 15:06,77.0,62,75.7,49,55.2,75.7,1.1,1.1,56,28.97,28.97,629.3,6,0.00,0.00,0.00,0.00,0.78,1.34,3
2023/7/31 15:07,77.0,62,75.6,51,56.3,75.6,0.0,0.0,37,28.97,28.97,622.3,6,0.00,0.00,0.00,0.00,0.78,1.34,3
2023/7/31 15:08,77.0,61,75.9,49,55.4,75.9,1.1,2.2,147,28.98,28.98,615.7,6,0.00,0.00,0.00,0.00,0.78,1.34,3
2023/7/31 15:09,77.0,60,76.3,54,58.5,76.3,1.3,2.2,29,28.98,28.98,615.2,5,0.00,0.00,0.00,0.00,0.78,1.34,3
2023/7/31 15:10,77.0,59,76.5,50,56.5,76.5,2.9,4.5,336,28.97,28.97,613.8,5,0.00,0.00,0.00,0.00,0.78,1.34,3
2023/7/31 15:11,77.0,59,76.5,49,55.9,76.5,2.5,3.4,332,28.97,28.97,611.9,5,0.00,0.00,0.00,0.00,0.78,1.34,3
2023/7/31 15:12,77.0,59,76.1,46,54.0,76.1,3.8,6.9,344,28.97,28.97,615.8,6,0.00,0.00,0.00,0.00,0.78,1.34,3
2023/7/31 15:13,76.8,59,75.6,47,54.0,75.6,2.5,3.4,325,28.97,28.97,612.1,5,0.00,0.00,0.00,0.00,0.78,1.34,3
2023/7/31 15:14,76.8,58,74.7,47,53.1,74.7,2.5,3.4,357,28.98,28.98,609.4,5,0.00,0.00,0.00,0.00,0.78,1.34,3
2023/7/31 15:15,76.8,60,74.5,49,54.1,74.5,0.2,1.1,345,28.98,28.98,605.3,5,0.00,0.00,0.00,0.00,0.78,1.34,3
2023/7/31 15:16,76.8,60,74.5,49,54.1,74.5,0.2,1.1,345,28.98,28.98,608.6,5,0.00,0.00,0.00,0.00,0.78,1.34,3
2023/7/31 15:17,76.8,61,74.7,56,57.9,74.7,2.0,2.2,350,28.97,28.97,609.9,5,0.00,0.00,0.00,0.00,0.78,1.34,3
2023/7/31 15:18,76.8,61,75.2,49,54.9,75.2,2.5,3.4,359,28.98,28.98,609.0,5,0.00,0.00,0.00,0.00,0.78,1.34,3
2023/7/31 15:19,76.8,62,75.2,51,55.9,75.2,2.9,4.5,313,28.98,28.98,608.6,5,0.00,0.00,0.00,0.00,0.78,1.34,3
2023/7/31 15:20,76.8,62,75.0,47,53.4,75.0,4.7,8.1,328,28.98,28.98,609.4,5,0.00,0.00,0.00,0.00,0.78,1.34,3
2023/7/31 15:21,77.0,62,75.0,53,56.8,75.0,2.2,2.2,358,28.97,28.97,606.8,5,0.00,0.00,0.00,0.00,0.78,1.34,3
2023/7/31 15:22,77.0,62,75.0,48,54.1,75.0,3.1,4.5,326,28.98,28.98,604.4,5,0.00,0.00,0.00,0.00,0.78,1.34,3
2023/7/31 15:23,77.0,61,74.8,48,54.0,74.8,2.7,3.4,347,28.98,28.98,604.3,5,0.00,0.00,0.00,0.00,0.78,1.34,3
2023/7/31 15:24,77.0,61,74.8,48,54.0,74.8,7.2,10.3,301,28.98,28.98,604.6,5,0.00,0.00,0.00,0.00,0.78,1.34,3
2023/7/31 15:25,77.0,59,74.5,49,54.1,74.5,7.4,9.2,315,28.99,28.99,602.2,5,0.00,0.00,0.00,0.00,0.78,1.34,3
2023/7/31 15:26,77.0,59,73.9,50,54.1,73.9,2.2,3.4,341,28.98,28.98,601.1,5,0.00,0.00,0.00,0.00,0.78,1.34,3
2023/7/31 15:27,77.0,58,73.8,47,52.3,73.8,4.3,5.8,332,28.98,28.98,604.4,5,0.00,0.00,0.00,0.00,0.78,1.34,3
2023/7/31 15:28,77.0,59,73.8,52,55.0,73.8,1.8,2.2,351,28.98,28.98,601.6,5,0.00,0.00,0.00,0.00,0.78,1.34,3
2023/7/31 15:29,77.0,58,73.9,49,53.6,73.9,5.8,6.9,314,28.98,28.98,606.2,5,0.00,0.00,0.00,0.00,0.78,1.34,3
2023/7/31 15:30,77.0,58,73.9,48,53.1,73.9,5.4,6.9,322,28.97,28.97,608.6,5,0.00,0.00,0.00,0.00,0.78,1.34,3
2023/7/31 15:31,76.8,58,73.8,51,54.5,73.8,3.4,4.5,337,28.98,28.98,609.7,5,0.00,0.00,0.00,0.00,0.78,1.34,3
2023/7/31 15:32,77.0,58,73.8,52,55.0,73.8,1.3,2.2,25,28.98,28.98,609.6,5,0.00,0.00,0.00,0.00,0.78,1.34,3
2023/7/31 15:33,77.0,59,73.8,52,55.0,73.8,4.0,5.8,10,28.97,28.97,612.3,5,0.00,0.00,0.00,0.00,0.78,1.34,3
2023/7/31 15:34,76.8,60,74.1,51,54.9,74.1,2.9,4.5,320,28.98,28.98,611.2,5,0.00,0.00,0.00,0.00,0.78,1.34,3
2023/7/31 15:35,76.8,60,74.1,52,55.4,74.1,5.4,6.9,294,28.97,28.97,610.1,5,0.00,0.00,0.00,0.00,0.78,1.34,3
2023/7/31 15:36,76.8,60,74.1,58,58.5,74.1,2.9,3.4,348,28.97,28.97,607.6,5,0.00,0.00,0.00,0.00,0.78,1.34,6
2023/7/31 15:37,77.0,61,74.8,49,54.5,74.8,7.8,10.3,296,28.97,28.97,607.5,5,0.00,0.00,0.00,0.00,0.78,1.34,6
2023/7/31 15:38,77.0,60,74.8,52,56.1,74.8,4.0,6.9,4,28.97,28.97,605.2,5,0.00,0.00,0.00,0.00,0.78,1.34,6
2023/7/31 15:39,77.0,61,74.7,50,54.9,74.7,1.8,2.2,4,28.97,28.97,605.8,5,0.00,0.00,0.00,0.00,0.78,1.34,6
2023/7/31 15:40,77.0,60,74.5,48,53.6,74.5,8.5,11.4,298,28.98,28.98,602.1,5,0.00,0.00,0.00,0.00,0.78,1.34,6
2023/7/31 15:41,77.0,60,74.3,52,55.6,74.3,4.0,5.8,324,28.97,28.97,600.4,5,0.00,0.00,0.00,0.00,0.78,1.34,6
2023/7/31 15:42,77.0,59,73.8,50,54.0,73.8,7.4,8.1,276,28.97,28.97,598.9,5,0.00,0.00,0.00,0.00,0.78,1.34,6
2023/7/31 15:43,77.0,58,73.6,51,54.3,73.6,4.0,6.9,332,28.97,28.97,601.6,5,0.00,0.00,0.00,0.00,0.78,1.34,6
2023/7/31 15:44,77.0,58,73.6,50,53.8,73.6,4.9,5.8,333,28.97,28.97,600.6,5,0.00,0.00,0.00,0.00,0.78,1.34,6
2023/7/31 15:45,77.0,58,73.8,57,57.6,73.8,2.0,2.2,352,28.97,28.97,558.1,5,0.00,0.00,0.00,0.00,0.78,1.34,6
2023/7/31 15:46,77.0,58,73.9,51,54.7,73.9,3.6,4.5,313,28.97,28.97,594.8,5,0.00,0.00,0.00,0.00,0.78,1.34,4
2023/7/31 15:47,77.0,58,73.9,53,55.8,73.9,2.9,4.5,340,28.97,28.97,590.4,5,0.00,0.00,0.00,0.00,0.78,1.34,4
2023/7/31 15:48,76.8,57,73.9,48,53.1,73.9,4.9,5.8,287,28.97,28.97,592.7,5,0.00,0.00,0.00,0.00,0.78,1.34,4
2023/7/31 15:49,76.8,58,73.9,50,54.1,73.9,3.1,4.5,320,28.97,28.97,598.8,5,0.00,0.00,0.00,0.00,0.78,1.34,4
2023/7/31 15:50,76.8,59,73.8,51,54.5,73.8,1.8,3.4,357,28.97,28.97,595.4,5,0.00,0.00,0.00,0.00,0.78,1.34,4
2023/7/31 15:51,76.8,59,74.1,49,53.8,74.1,4.5,8.1,330,28.97,28.97,592.8,5,0.00,0.00,0.00,0.00,0.78,1.34,4
2023/7/31 15:52,76.8,60,74.1,51,54.9,74.1,6.7,9.2,357,28.97,28.97,589.1,5,0.00,0.00,0.00,0.00,0.78,1.34,4
2023/7/31 15:53,77.0,60,73.9,51,54.7,73.9,6.0,9.2,319,28.97,28.97,585.7,5,0.00,0.00,0.00,0.00,0.78,1.34,4
2023/7/31 15:54,77.0,60,73.9,51,54.7,73.9,4.0,5.8,312,28.97,28.97,585.0,5,0.00,0.00,0.00,0.00,0.78,1.34,4
2023/7/31 15:55,77.0,61,73.8,51,54.5,73.8,2.5,3.4,304,28.97,28.97,584.9,5,0.00,0.00,0.00,0.00,0.78,1.34,4
2023/7/31 15:56,77.0,60,73.9,53,55.8,73.9,4.5,5.8,312,28.97,28.97,585.0,5,0.00,0.00,0.00,0.00,0.78,1.34,8
2023/7/31 15:57,77.0,61,73.9,51,54.7,73.9,3.8,4.5,273,28.97,28.97,578.3,5,0.00,0.00,0.00,0.00,0.78,1.34,8
2023/7/31 15:58,77.0,60,74.1,51,54.9,74.1,6.0,9.2,297,28.97,28.97,571.8,5,0.00,0.00,0.00,0.00,0.78,1.34,8
2023/7/31 15:59,77.0,59,73.9,54,56.3,73.9,1.8,2.2,340,28.97,28.97,567.3,5,0.00,0.00,0.00,0.00,0.78,1.34,8
2023/7/31 16:00,77.0,58,73.9,51,54.7,73.9,6.5,9.2,327,28.97,28.97,566.6,5,0.00,0.00,0.00,0.00,0.78,1.34,8
2023/7/31 16:01,77.0,58,74.1,51,54.9,74.1,4.7,5.8,12,28.97,28.97,564.0,5,0.00,0.00,0.00,0.00,0.78,1.34,8
2023/7/31 16:02,77.0,57,74.1,50,54.3,74.1,4.5,6.9,234,28.97,28.97,555.8,5,0.00,0.00,0.00,0.00,0.78,1.34,8
2023/7/31 16:03,77.0,57,74.1,53,55.9,74.1,4.0,4.5,338,28.97,28.97,551.3,5,0.00,0.00,0.00,0.00,0.78,1.34,8
2023/7/31 16:04,77.0,57,74.1,52,55.4,74.1,2.0,3.4,7,28.97,28.97,552.4,5,0.00,0.00,0.00,0.00,0.78,1.34,8
2023/7/31 16:05,77.0,57,74.3,49,54.0,74.3,5.4,8.1,267,28.97,28.97,546.8,5,0.00,0.00,0.00,0.00,0.78,1.34,8
2023/7/31 16:06,77.0,57,74.3,49,54.0,74.3,6.7,10.3,292,28.97,28.97,544.1,5,0.00,0.00,0.00,0.00,0.78,1.34,8
2023/7/31 16:07,77.0,57,73.9,49,53.6,73.9,7.4,10.3,328,28.97,28.97,536.9,5,0.00,0.00,0.00,0.00,0.78,1.34,8
2023/7/31 16:08,77.0,59,73.6,52,54.9,73.6,1.8,2.2,10,28.97,28.97,532.0,5,0.00,0.00,0.00,0.00,0.78,1.34,8
2023/7/31 16:09,77.0,60,73.6,50,53.8,73.6,3.4,4.5,325,28.97,28.97,539.0,5,0.00,0.00,0.00,0.00,0.78,1.34,8
2023/7/31 16:10,77.0,60,73.6,50,53.8,73.6,2.2,2.2,337,28.97,28.97,543.0,5,0.00,0.00,0.00,0.00,0.78,1.34,8
2023/7/31 16:11,77.0,60,73.8,51,54.5,73.8,4.0,6.9,340,28.97,28.97,263.4,2,0.00,0.00,0.00,0.00,0.78,1.34,8
2023/7/31 16:12,77.0,60,73.8,50,54.0,73.8,4.7,6.9,324,28.97,28.97,532.1,5,0.00,0.00,0.00,0.00,0.78,1.34,8
2023/7/31 16:13,77.0,61,73.6,47,52.2,73.6,3.4,4.5,304,28.97,28.97,523.8,5,0.00,0.00,0.00,0.00,0.78,1.34,8
2023/7/31 16:14,77.0,60,73.4,48,52.5,73.4,3.6,5.8,344,28.97,28.97,515.0,5,0.00,0.00,0.00,0.00,0.78,1.34,8
2023/7/31 16:15,77.0,60,73.6,51,54.3,73.6,2.9,3.4,303,28.97,28.97,501.7,4,0.00,0.00,0.00,0.00,0.78,1.34,8
2023/7/31 16:16,77.0,59,73.6,50,53.8,73.6,1.1,2.2,350,28.97,28.97,499.7,4,0.00,0.00,0.00,0.00,0.78,1.34,10
2023/7/31 16:17,77.2,58,73.9,50,54.1,73.9,1.3,2.2,35,28.97,28.97,502.0,4,0.00,0.00,0.00,0.00,0.78,1.34,10
2023/7/31 16:18,77.0,57,74.1,49,53.8,74.1,4.5,5.8,326,28.97,28.97,503.4,4,0.00,0.00,0.00,0.00,0.78,1.34,10
2023/7/31 16:19,77.0,57,74.1,48,53.2,74.1,5.1,5.8,357,28.97,28.97,497.2,4,0.00,0.00,0.00,0.00,0.78,1.34,10
2023/7/31 16:20,77.0,57,73.9,50,54.1,73.9,1.6,2.2,313,28.97,28.97,501.7,4,0.00,0.00,0.00,0.00,0.78,1.34,10
2023/7/31 16:21,77.0,57,73.9,49,53.6,73.9,6.7,11.4,24,28.97,28.97,502.3,4,0.00,0.00,0.00,0.00,0.78,1.34,10
2023/7/31 16:22,77.0,56,73.9,50,54.1,73.9,3.1,3.4,258,28.97,28.97,502.1,4,0.00,0.00,0.00,0.00,0.78,1.34,10
2023/7/31 16:23,77.0,57,73.8,50,54.0,73.8,3.1,4.5,346,28.98,28.98,504.6,4,0.00,0.00,0.00,0.00,0.78,1.34,10
2023/7/31 16:24,77.0,57,73.8,50,54.0,73.8,3.8,6.9,39,28.97,28.97,506.2,4,0.00,0.00,0.00,0.00,0.78,1.34,10
2023/7/31 16:25,77.0,58,73.8,53,55.6,73.8,2.7,3.4,325,28.97,28.97,501.7,4,0.00,0.00,0.00,0.00,0.78,1.34,10
2023/7/31 16:26,77.0,59,73.9,49,53.6,73.9,2.5,3.4,329,28.97,28.97,496.9,4,0.00,0.00,0.00,0.00,0.78,1.34,11
2023/7/31 16:27,77.0,59,74.1,49,53.8,74.1,3.6,4.5,298,28.97,28.97,499.5,4,0.00,0.00,0.00,0.00,0.78,1.34,11
2023/7/31 16:28,77.0,60,74.1,52,55.4,74.1,3.8,4.5,258,28.97,28.97,496.1,4,0.00,0.00,0.00,0.00,0.78,1.34,11
2023/7/31 16:29,77.2,60,74.3,51,55.0,74.3,2.5,3.4,325,28.97,28.97,490.7,4,0.00,0.00,0.00,0.00,0.78,1.34,11
2023/7/31 16:30,77.2,60,74.5,53,56.3,74.5,2.0,3.4,344,28.97,28.97,477.0,4,0.00,0.00,0.00,0.00,0.78,1.34,11
2023/7/31 16:31,77.2,60,74.5,50,54.7,74.5,4.3,5.8,324,28.98,28.98,474.9,4,0.00,0.00,0.00,0.00,0.78,1.34,11
2023/7/31 16:32,77.2,60,74.5,52,55.8,74.5,3.1,4.5,348,28.97,28.97,478.6,4,0.00,0.00,0.00,0.00,0.78,1.34,11
2023/7/31 16:33,77.2,59,74.1,53,55.9,74.1,4.9,6.9,290,28.98,28.98,477.2,4,0.00,0.00,0.00,0.00,0.78,1.34,11
2023/7/31 16:34,77.2,58,73.9,52,55.2,73.9,2.9,3.4,304,28.97,28.97,469.3,4,0.00,0.00,0.00,0.00,0.78,1.34,11
2023/7/31 16:35,77.2,58,73.9,53,55.8,73.9,2.5,3.4,324,28.97,28.97,470.1,4,0.00,0.00,0.00,0.00,0.78,1.34,11
2023/7/31 16:36,77.2,57,74.1,52,55.4,74.1,2.5,3.4,304,28.98,28.98,469.3,4,0.00,0.00,0.00,0.00,0.78,1.34,10
2023/7/31 16:37,77.2,57,74.1,51,54.9,74.1,5.1,6.9,277,28.97,28.97,468.3,4,0.00,0.00,0.00,0.00,0.78,1.34,10
2023/7/31 16:38,77.2,56,73.9,54,56.3,73.9,1.8,2.2,324,28.97,28.97,471.5,4,0.00,0.00,0.00,0.00,0.78,1.34,10
2023/7/31 16:39,77.2,56,73.8,52,55.0,73.8,6.5,8.1,281,28.97,28.97,470.3,4,0.00,0.00,0.00,0.00,0.78,1.34,10
2023/7/31 16:40,77.2,56,73.8,55,56.7,73.8,2.5,3.4,341,28.97,28.97,471.3,4,0.00,0.00,0.00,0.00,0.78,1.34,10
2023/7/31 16:41,77.0,57,73.9,50,54.1,73.9,3.8,6.9,273,28.98,28.98,468.1,4,0.00,0.00,0.00,0.00,0.78,1.34,10
2023/7/31 16:42,77.2,58,73.9,49,53.6,73.9,4.5,5.8,246,28.98,28.98,472.0,4,0.00,0.00,0.00,0.00,0.78,1.34,10
2023/7/31 16:43,77.2,59,73.6,49,53.2,73.6,3.6,4.5,313,28.98,28.98,467.8,4,0.00,0.00,0.00,0.00,0.78,1.34,10
2023/7/31 16:44,77.0,60,73.6,55,56.5,73.6,0.7,1.1,16,28.97,28.97,470.8,4,0.00,0.00,0.00,0.00,0.78,1.34,10
2023/7/31 16:45,77.2,60,73.8,54,56.1,73.8,1.3,2.2,350,28.98,28.98,471.4,4,0.00,0.00,0.00,0.00,0.78,1.34,10
2023/7/31 16:46,77.2,60,74.1,51,54.9,74.1,3.6,5.8,290,28.97,28.97,465.9,4,0.00,0.00,0.00,0.00,0.78,1.34,13
2023/7/31 16:47,77.2,60,74.3,52,55.6,74.3,2.2,2.2,352,28.98,28.98,464.4,4,0.00,0.00,0.00,0.00,0.78,1.34,13
2023/7/31 16:48,77.2,60,74.3,50,54.5,74.3,4.9,8.1,294,28.98,28.98,462.2,4,0.00,0.00,0.00,0.00,0.78,1.34,13
2023/7/31 16:49,77.2,60,74.1,49,53.8,74.1,3.6,6.9,348,28.98,28.98,457.4,4,0.00,0.00,0.00,0.00,0.78,1.34,13
2023/7/31 16:50,77.2,59,73.8,50,54.0,73.8,6.9,9.2,341,28.98,28.98,450.2,4,0.00,0.00,0.00,0.00,0.78,1.34,13
2023/7/31 16:51,77.2,58,73.4,50,53.6,73.4,5.4,5.8,256,28.98,28.98,450.8,4,0.00,0.00,0.00,0.00,0.78,1.34,13
2023/7/31 16:52,77.4,57,73.2,53,55.0,73.2,1.8,2.2,354,28.98,28.98,448.4,4,0.00,0.00,0.00,0.00,0.78,1.34,13
2023/7/31 16:53,77.2,57,73.2,50,53.4,73.2,3.4,5.8,348,28.97,28.97,445.5,4,0.00,0.00,0.00,0.00,0.78,1.34,13
2023/7/31 16:54,77.2,56,73.4,50,53.6,73.4,5.6,6.9,329,28.98,28.98,448.4,4,0.00,0.00,0.00,0.00,0.78,1.34,13
2023/7/31 16:55,77.2,57,73.2,51,54.1,73.2,2.9,3.4,333,28.98,28.98,449.7,4,0.00,0.00,0.00,0.00,0.78,1.34,13
2023/7/31 16:56,77.2,57,73.2,50,53.4,73.2,3.4,4.5,280,28.97,28.97,449.9,4,0.00,0.00,0.00,0.00,0.78,1.34,11
2023/7/31 16:57,77.2,56,73.4,51,54.3,73.4,1.8,2.2,358,28.98,28.98,443.3,4,0.00,0.00,0.00,0.00,0.78,1.34,11
2023/7/31 16:58,77.2,57,73.6,50,53.8,73.6,5.1,8.1,327,28.97,28.97,438.3,4,0.00,0.00,0.00,0.00,0.78,1.34,11
2023/7/31 16:59,77.2,58,73.6,53,55.4,73.6,3.4,5.8,296,28.98,28.98,438.9,4,0.00,0.00,0.00,0.00,0.78,1.34,11
2023/7/31 17:00,77.2,59,73.4,51,54.3,73.4,3.1,4.5,344,28.97,28.97,437.7,4,0.00,0.00,0.00,0.00,0.78,1.34,11
2023/7/31 17:01,77.2,59,73.4,51,54.3,73.4,3.6,4.5,348,28.98,28.98,435.0,4,0.00,0.00,0.00,0.00,0.78,1.34,11
2023/7/31 17:02,77.2,58,73.4,51,54.3,73.4,3.8,5.8,338,28.97,28.97,427.8,4,0.00,0.00,0.00,0.00,0.78,1.34,11
2023/7/31 17:03,77.2,58,73.4,50,53.6,73.4,4.5,5.8,253,28.98,28.98,425.0,4,0.00,0.00,0.00,0.00,0.78,1.34,11
2023/7/31 17:04,77.2,58,73.4,49,53.1,73.4,6.0,8.1,272,28.97,28.97,423.3,4,0.00,0.00,0.00,0.00,0.78,1.34,11
2023/7/31 17:05,77.2,58,73.4,50,53.6,73.4,5.8,6.9,286,28.97,28.97,419.0,4,0.00,0.00,0.00,0.00,0.78,1.34,11
2023/7/31 17:06,77.2,58,73.4,55,56.3,73.4,1.3,2.2,344,28.98,28.98,412.3,4,0.00,0.00,0.00,0.00,0.78,1.34,10
2023/7/31 17:07,77.2,57,73.6,49,53.2,73.6,2.7,4.5,301,28.98,28.98,408.6,3,0.00,0.00,0.00,0.00,0.78,1.34,10
2023/7/31 17:08,77.2,57,73.9,50,54.1,73.9,2.2,3.4,333,28.97,28.97,403.3,3,0.00,0.00,0.00,0.00,0.78,1.34,10
2023/7/31 17:09,77.2,56,73.9,52,55.2,73.9,2.9,3.4,263,28.97,28.97,398.3,3,0.00,0.00,0.00,0.00,0.78,1.34,10
2023/7/31 17:10,77.2,56,73.9,50,54.1,73.9,2.5,3.4,5,28.97,28.97,395.3,3,0.00,0.00,0.00,0.00,0.78,1.34,10
2023/7/31 17:11,77.2,56,73.9,49,53.6,73.9,4.0,4.5,338,28.97,28.97,392.6,3,0.00,0.00,0.00,0.00,0.78,1.34,10
2023/7/31 17:12,77.2,56,74.1,54,56.5,74.1,0.9,1.1,3,28.97,28.97,389.5,3,0.00,0.00,0.00,0.00,0.78,1.34,10
2023/7/31 17:13,77.2,56,74.3,51,55.0,74.3,1.6,3.4,325,28.97,28.97,386.9,3,0.00,0.00,0.00,0.00,0.78,1.34,10
2023/7/31 17:14,77.2,55,74.5,51,55.2,74.5,4.0,4.5,309,28.97,28.97,384.6,3,0.00,0.00,0.00,0.00,0.78,1.34,10
2023/7/31 17:15,77.2,56,74.5,50,54.7,74.5,5.6,6.9,244,28.97,28.97,382.3,3,0.00,0.00,0.00,0.00,0.78,1.34,10
2023/7/31 17:16,77.2,57,74.5,56,57.7,74.5,1.1,1.1,342,28.97,28.97,377.6,3,0.00,0.00,0.00,0.00,0.78,1.34,15
2023/7/31 17:17,77.2,58,74.3,51,55.0,74.3,3.6,4.5,299,28.97,28.97,374.3,3,0.00,0.00,0.00,0.00,0.78,1.34,15
2023/7/31 17:18,77.2,58,74.3,51,55.0,74.3,2.5,4.5,341,28.98,28.98,376.0,3,0.00,0.00,0.00,0.00,0.78,1.34,15
2023/7/31 17:19,77.2,59,74.3,53,56.1,74.3,1.1,1.1,0,28.97,28.97,373.9,3,0.00,0.00,0.00,0.00,0.78,1.34,15
2023/7/31 17:20,77.2,59,74.3,50,54.5,74.3,3.8,4.5,341,28.98,28.98,372.2,3,0.00,0.00,0.00,0.00,0.78,1.34,15
2023/7/31 17:21,77.2,59,74.3,53,56.1,74.3,4.0,5.8,325,28.97,28.97,364.0,3,0.00,0.00,0.00,0.00,0.78,1.34,15
2023/7/31 17:22,77.2,59,74.1,49,53.8,74.1,3.6,4.5,186,28.98,28.98,363.5,3,0.00,0.00,0.00,0.00,0.78,1.34,15
2023/7/31 17:23,77.4,58,74.1,51,54.9,74.1,4.9,6.9,0,28.97,28.97,361.6,3,0.00,0.00,0.00,0.00,0.78,1.34,15
2023/7/31 17:24,77.2,57,73.8,52,55.0,73.8,1.6,2.2,58,28.98,28.98,356.9,3,0.00,0.00,0.00,0.00,0.78,1.34,15
2023/7/31 17:25,77.2,57,73.8,54,56.1,73.8,1.3,2.2,7,28.97,28.97,351.7,3,0.00,0.00,0.00,0.00,0.78,1.34,15
2023/7/31 17:26,77.2,56,73.8,55,56.7,73.8,1.1,2.2,5,28.97,28.97,354.0,3,0.00,0.00,0.00,0.00,0.78,1.34,16
2023/7/31 17:27,77.4,55,74.5,50,54.7,74.5,1.3,2.2,344,28.97,28.97,345.0,3,0.00,0.00,0.00,0.00,0.78,1.34,16
2023/7/31 17:28,77.4,56,74.7,55,57.4,74.7,1.3,2.2,338,28.97,28.97,345.7,3,0.00,0.00,0.00,0.00,0.78,1.34,16
2023/7/31 17:29,77.2,56,75.0,51,55.8,75.0,3.6,5.8,315,28.98,28.98,343.7,3,0.00,0.00,0.00,0.00,0.78,1.34,16
2023/7/31 17:30,77.2,55,75.0,51,55.8,75.0,3.4,3.4,313,28.98,28.98,336.4,3,0.00,0.00,0.00,0.00,0.78,1.34,16
2023/7/31 17:31,77.2,55,74.7,54,57.0,74.7,1.8,3.4,355,28.97,28.97,334.7,3,0.00,0.00,0.00,0.00,0.78,1.34,16
2023/7/31 17:32,77.2,56,74.5,51,55.2,74.5,3.8,4.5,26,28.97,28.97,335.0,3,0.00,0.00,0.00,0.00,0.78,1.34,16
2023/7/31 17:33,77.2,57,74.5,52,55.8,74.5,2.7,3.4,325,28.97,28.97,333.4,3,0.00,0.00,0.00,0.00,0.78,1.34,16
2023/7/31 17:34,77.2,57,73.9,52,55.2,73.9,2.2,3.4,273,28.97,28.97,333.1,3,0.00,0.00,0.00,0.00,0.78,1.34,16
2023/7/31 17:35,77.2,58,73.9,56,57.4,73.9,1.8,3.4,8,28.97,28.97,330.8,3,0.00,0.00,0.00,0.00,0.78,1.34,16
2023/7/31 17:36,77.2,58,73.9,54,56.3,73.9,0.2,1.1,307,28.97,28.97,331.7,3,0.00,0.00,0.00,0.00,0.78,1.34,19
2023/7/31 17:37,77.2,59,73.9,52,55.2,73.9,3.6,5.8,312,28.97,28.97,275.3,2,0.00,0.00,0.00,0.00,0.78,1.34,19
2023/7/31 17:38,77.2,59,74.1,53,55.9,74.1,1.8,2.2,357,28.97,28.97,323.8,3,0.00,0.00,0.00,0.00,0.78,1.34,19
2023/7/31 17:39,77.4,59,74.1,54,56.5,74.1,2.0,2.2,348,28.97,28.97,322.1,3,0.00,0.00,0.00,0.00,0.78,1.34,19
2023/7/31 17:40,77.4,59,74.1,55,57.0,74.1,1.1,1.1,350,28.97,28.97,325.0,3,0.00,0.00,0.00,0.00,0.78,1.34,19
2023/7/31 17:41,77.4,58,74.1,55,57.0,74.1,4.0,4.5,308,28.97,28.97,319.4,3,0.00,0.00,0.00,0.00,0.78,1.34,19
2023/7/31 17:42,77.4,57,73.9,50,54.1,73.9,6.0,8.1,330,28.97,28.97,314.1,3,0.00,0.00,0.00,0.00,0.78,1.34,19
2023/7/31 17:43,77.4,57,73.6,51,54.3,73.6,5.6,9.2,333,28.97,28.97,313.7,3,0.00,0.00,0.00,0.00,0.78,1.34,19
2023/7/31 17:44,77.4,56,73.0,52,54.5,73.0,2.9,3.4,319,28.97,28.97,308.1,3,0.00,0.00,0.00,0.00,0.78,1.34,19
2023/7/31 17:45,77.4,56,73.0,54,55.4,73.0,2.5,3.4,330,28.97,28.97,305.9,2,0.00,0.00,0.00,0.00,0.78,1.34,19
2023/7/31 17:46,77.4,56,73.2,53,55.0,73.2,4.5,5.8,314,28.97,28.97,305.1,2,0.00,0.00,0.00,0.00,0.78,1.34,20
2023/7/31 17:47,77.2,56,73.2,51,54.1,73.2,7.2,12.5,344,28.97,28.97,301.8,2,0.00,0.00,0.00,0.00,0.78,1.34,20
2023/7/31 17:48,77.2,56,73.0,52,54.5,73.0,7.8,10.3,276,28.97,28.97,298.9,2,0.00,0.00,0.00,0.00,0.78,1.34,20
2023/7/31 17:49,77.2,56,72.9,52,54.3,72.9,3.6,4.5,325,28.97,28.97,294.7,2,0.00,0.00,0.00,0.00,0.78,1.34,20
2023/7/31 17:50,77.2,56,72.9,53,54.9,72.9,2.2,2.2,330,28.97,28.97,293.0,2,0.00,0.00,0.00,0.00,0.78,1.34,20
2023/7/31 17:51,77.2,57,73.0,54,55.4,73.0,2.5,3.4,246,28.97,28.97,294.8,2,0.00,0.00,0.00,0.00,0.78,1.34,20
2023/7/31 17:52,77.2,58,73.2,53,55.0,73.2,1.6,2.2,12,28.97,28.97,296.3,2,0.00,0.00,0.00,0.00,0.78,1.34,20
2023/7/31 17:53,77.2,58,73.2,51,54.1,73.2,6.0,6.9,344,28.97,28.97,296.9,2,0.00,0.00,0.00,0.00,0.78,1.34,20
2023/7/31 17:54,77.2,58,73.2,53,55.0,73.2,1.8,3.4,356,28.97,28.97,291.7,2,0.00,0.00,0.00,0.00,0.78,1.34,20
2023/7/31 17:55,77.2,58,73.0,52,54.5,73.0,4.0,8.1,172,28.97,28.97,290.4,2,0.00,0.00,0.00,0.00,0.78,1.34,20
2023/7/31 17:56,77.2,59,73.0,54,55.4,73.0,2.5,3.4,279,28.98,28.98,286.0,2,0.00,0.00,0.00,0.00,0.78,1.34,10
2023/7/31 17:57,77.4,59,73.0,54,55.4,73.0,1.3,2.2,325,28.97,28.97,279.5,2,0.00,0.00,0.00,0.00,0.78,1.34,10
2023/7/31 17:58,77.4,59,73.2,53,55.0,73.2,4.3,5.8,343,28.97,28.97,278.0,2,0.00,0.00,0.00,0.00,0.78,1.34,10
2023/7/31 17:59,77.4,57,73.2,52,54.5,73.2,3.4,3.4,326,28.98,28.98,279.0,2,0.00,0.00,0.00,0.00,0.78,1.34,10
2023/7/31 18:00,77.4,56,73.0,53,54.9,73.0,1.3,2.2,28,28.98,28.98,278.5,2,0.00,0.00,0.00,0.00,0.78,1.34,10
2023/7/31 18:01,77.4,56,73.0,54,55.4,73.0,1.8,2.2,328,28.98,28.98,279.5,2,0.00,0.00,0.00,0.00,0.78,1.34,10
2023/7/31 18:02,77.4,56,73.2,55,56.1,73.2,0.4,1.1,329,28.97,28.97,278.3,2,0.00,0.00,0.00,0.00,0.78,1.34,10
2023/7/31 18:03,77.2,55,73.6,56,57.0,73.6,2.7,3.4,353,28.97,28.97,274.7,2,0.00,0.00,0.00,0.00,0.78,1.34,10
2023/7/31 18:04,77.2,55,73.6,53,55.4,73.6,3.6,5.8,263,28.97,28.97,269.2,2,0.00,0.00,0.00,0.00,0.78,1.34,10
2023/7/31 18:05,77.2,55,73.6,54,55.9,73.6,2.9,3.4,266,28.98,28.98,264.1,2,0.00,0.00,0.00,0.00,0.78,1.34,10
2023/7/31 18:06,77.2,55,73.4,54,55.8,73.4,4.0,5.8,336,28.97,28.97,260.2,2,0.00,0.00,0.00,0.00,0.78,1.34,12
2023/7/31 18:07,77.2,56,73.2,56,56.7,73.2,2.2,3.4,326,28.98,28.98,256.3,2,0.00,0.00,0.00,0.00,0.78,1.34,12
2023/7/31 18:08,77.2,57,73.2,54,55.6,73.2,3.6,4.5,324,28.98,28.98,244.9,2,0.00,0.00,0.00,0.00,0.78,1.34,12
2023/7/31 18:09,77.2,58,73.2,54,55.6,73.2,5.4,8.1,322,28.98,28.98,240.1,2,0.00,0.00,0.00,0.00,0.78,1.34,12
2023/7/31 18:10,77.2,58,73.2,53,55.0,73.2,4.7,6.9,295,28.98,28.98,231.3,2,0.00,0.00,0.00,0.00,0.78,1.34,12
2023/7/31 18:11,77.2,58,73.0,54,55.4,73.0,1.8,2.2,336,28.98,28.98,229.8,2,0.00,0.00,0.00,0.00,0.78,1.34,12
2023/7/31 18:12,77.2,58,72.9,55,55.8,72.9,2.5,4.5,290,28.98,28.98,227.9,2,0.00,0.00,0.00,0.00,0.78,1.34,12
2023/7/31 18:13,77.2,58,72.9,54,55.2,72.9,3.4,4.5,352,28.98,28.98,223.9,2,0.00,0.00,0.00,0.00,0.78,1.34,12
2023/7/31 18:14,77.2,58,72.9,55,55.8,72.9,2.9,4.5,299,28.98,28.98,222.2,2,0.00,0.00,0.00,0.00,0.78,1.34,12
2023/7/31 18:15,77.2,58,72.7,54,55.0,72.7,2.2,3.4,28,28.98,28.98,219.2,2,0.00,0.00,0.00,0.00,0.78,1.34,12
2023/7/31 18:16,77.4,57,72.7,53,54.7,72.7,4.7,6.9,344,28.97,28.97,217.2,2,0.00,0.00,0.00,0.00,0.78,1.34,8
2023/7/31 18:17,77.2,56,72.5,55,55.4,72.5,3.8,4.5,321,28.98,28.98,212.9,2,0.00,0.00,0.00,0.00,0.78,1.34,8
2023/7/31 18:18,77.2,55,72.5,57,56.5,72.5,0.9,1.1,342,28.98,28.98,212.5,2,0.00,0.00,0.00,0.00,0.78,1.34,8
2023/7/31 18:19,77.2,55,72.5,54,54.9,72.5,4.5,5.8,302,28.98,28.98,207.3,2,0.00,0.00,0.00,0.00,0.78,1.34,8
2023/7/31 18:20,77.2,55,72.5,56,55.9,72.5,2.5,3.4,329,28.97,28.97,205.8,2,0.00,0.00,0.00,0.00,0.78,1.34,8
2023/7/31 18:21,77.2,55,72.5,55,55.4,72.5,2.5,3.4,323,28.97,28.97,204.2,1,0.00,0.00,0.00,0.00,0.78,1.34,8
2023/7/31 18:22,77.2,55,72.5,56,55.9,72.5,2.5,3.4,341,28.97,28.97,202.5,1,0.00,0.00,0.00,0.00,0.78,1.34,8
2023/7/31 18:23,77.2,56,72.5,55,55.4,72.5,2.7,4.5,356,28.98,28.98,202.6,1,0.00,0.00,0.00,0.00,0.78,1.34,8
2023/7/31 18:24,77.2,57,72.5,57,56.5,72.5,3.4,3.4,309,28.98,28.98,198.5,1,0.00,0.00,0.00,0.00,0.78,1.34,8
2023/7/31 18:25,77.2,58,72.5,57,56.5,72.5,2.0,2.2,341,28.98,28.98,199.0,1,0.00,0.00,0.00,0.00,0.78,1.34,8
2023/7/31 18:26,77.2,58,72.5,56,55.9,72.5,2.9,3.4,308,28.98,28.98,196.3,1,0.00,0.00,0.00,0.00,0.78,1.34,11
2023/7/31 18:27,77.2,59,72.5,57,56.5,72.5,1.3,2.2,356,28.98,28.98,193.0,1,0.00,0.00,0.00,0.00,0.78,1.34,11
2023/7/31 18:28,77.4,59,72.5,58,56.8,72.5,1.1,1.1,355,28.98,28.98,193.1,1,0.00,0.00,0.00,0.00,0.78,1.34,11
2023/7/31 18:29,77.4,59,72.9,58,57.2,72.9,2.2,2.2,332,28.97,28.97,188.3,1,0.00,0.00,0.00,0.00,0.78,1.34,11
2023/7/31 18:30,77.4,59,72.9,56,56.3,72.9,3.8,4.5,298,28.98,28.98,184.4,1,0.00,0.00,0.00,0.00,0.78,1.34,11
2023/7/31 18:31,77.4,58,72.7,57,56.7,72.7,1.3,2.2,336,28.97,28.97,180.4,1,0.00,0.00,0.00,0.00,0.78,1.34,11
2023/7/31 18:32,77.4,57,72.7,59,57.6,72.7,1.3,2.2,338,28.97,28.97,178.6,1,0.00,0.00,0.00,0.00,0.78,1.34,11
2023/7/31 18:33,77.4,56,72.7,60,58.1,72.7,0.7,1.1,49,28.98,28.98,176.5,1,0.00,0.00,0.00,0.00,0.78,1.34,11
2023/7/31 18:34,77.4,56,72.7,56,56.1,72.7,4.0,8.1,298,28.97,28.97,174.2,1,0.00,0.00,0.00,0.00,0.78,1.34,11
2023/7/31 18:35,77.4,56,72.5,57,56.5,72.5,3.4,4.5,316,28.98,28.98,173.5,1,0.00,0.00,0.00,0.00,0.78,1.34,11
2023/7/31 18:36,77.4,56,72.1,57,56.1,72.1,0.9,1.1,343,28.98,28.98,171.4,1,0.00,0.00,0.00,0.00,0.78,1.34,7
2023/7/31 18:37,77.4,55,72.1,56,55.6,72.1,4.9,8.1,309,28.97,28.97,168.9,1,0.00,0.00,0.00,0.00,0.78,1.34,7
2023/7/31 18:38,77.2,55,72.0,59,56.8,72.0,2.5,3.4,338,28.98,28.98,166.0,1,0.00,0.00,0.00,0.00,0.78,1.34,7
2023/7/31 18:39,77.2,56,72.0,57,55.9,72.0,4.7,5.8,301,28.97,28.97,163.7,1,0.00,0.00,0.00,0.00,0.78,1.34,7
2023/7/31 18:40,77.2,57,72.0,59,56.8,72.0,2.7,3.4,330,28.98,28.98,164.9,1,0.00,0.00,0.00,0.00,0.78,1.34,7
2023/7/31 18:41,77.2,57,72.0,57,55.9,72.0,4.3,6.9,334,28.98,28.98,164.8,1,0.00,0.00,0.00,0.00,0.78,1.34,7
2023/7/31 18:42,77.2,57,71.8,58,56.3,71.8,4.9,5.8,309,28.97,28.97,161.0,1,0.00,0.00,0.00,0.00,0.78,1.34,7
2023/7/31 18:43,77.2,57,71.6,58,56.1,71.6,3.4,4.5,341,28.97,28.97,156.1,1,0.00,0.00,0.00,0.00,0.78,1.34,7
2023/7/31 18:44,77.4,58,71.6,59,56.5,71.6,2.2,2.2,331,28.98,28.98,152.4,1,0.00,0.00,0.00,0.00,0.78,1.34,7
2023/7/31 18:45,77.4,58,71.6,59,56.5,71.6,3.6,4.5,351,28.97,28.97,146.1,1,0.00,0.00,0.00,0.00,0.78,1.34,7
2023/7/31 18:46,77.4,58,71.6,60,57.0,71.6,2.2,2.2,335,28.98,28.98,142.7,1,0.00,0.00,0.00,0.00,0.78,1.34,8
2023/7/31 18:47,77.4,58,71.6,59,56.5,71.6,4.0,4.5,301,28.98,28.98,141.1,1,0.00,0.00,0.00,0.00,0.78,1.34,8
2023/7/31 18:48,77.4,58,71.6,59,56.5,71.6,2.9,4.5,339,28.98,28.98,139.0,1,0.00,0.00,0.00,0.00,0.78,1.34,8
2023/7/31 18:49,77.4,55,71.6,59,56.5,71.6,2.5,3.4,331,28.98,28.98,136.4,1,0.00,0.00,0.00,0.00,0.78,1.34,8
2023/7/31 18:50,77.4,55,71.6,58,56.1,71.6,2.5,3.4,342,28.98,28.98,135.1,1,0.00,0.00,0.00,0.00,0.78,1.34,8
2023/7/31 18:51,77.4,55,71.6,58,56.1,71.6,3.8,4.5,320,28.97,28.97,132.5,1,0.00,0.00,0.00,0.00,0.78,1.34,8
2023/7/31 18:52,77.4,55,71.6,59,56.5,71.6,2.7,3.4,350,28.98,28.98,131.2,1,0.00,0.00,0.00,0.00,0.78,1.34,8
2023/7/31 18:53,77.4,55,71.4,59,56.3,71.4,2.9,3.4,340,28.98,28.98,129.2,1,0.00,0.00,0.00,0.00,0.78,1.34,8
2023/7/31 18:54,77.4,54,71.4,59,56.3,71.4,0.4,1.1,352,28.98,28.98,128.7,1,0.00,0.00,0.00,0.00,0.78,1.34,8
2023/7/31 18:55,77.4,55,71.6,60,57.0,71.6,2.0,2.2,348,28.98,28.98,127.0,1,0.00,0.00,0.00,0.00,0.78,1.34,8
2023/7/31 18:56,77.2,55,71.6,61,57.6,71.6,2.0,2.2,347,28.98,28.98,124.5,1,0.00,0.00,0.00,0.00,0.78,1.34,12
2023/7/31 18:57,77.2,57,71.8,61,57.6,71.8,0.7,2.2,354,28.97,28.97,121.8,1,0.00,0.00,0.00,0.00,0.78,1.34,12
2023/7/31 18:58,77.2,57,71.8,63,58.5,71.8,2.5,3.4,327,28.98,28.98,117.5,1,0.00,0.00,0.00,0.00,0.78,1.34,12
2023/7/31 18:59,77.2,58,71.8,61,57.6,71.8,2.2,3.4,329,28.98,28.98,114.5,1,0.00,0.00,0.00,0.00,0.78,1.34,12
2023/7/31 19:00,77.2,58,71.4,63,58.3,71.4,1.6,2.2,354,28.98,28.98,112.6,1,0.00,0.00,0.00,0.00,0.78,1.34,12
2023/7/31 19:01,77.2,58,71.4,61,57.4,71.4,2.5,3.4,344,28.98,28.98,111.6,1,0.00,0.00,0.00,0.00,0.78,1.34,12
2023/7/31 19:02,77.4,58,71.4,60,56.8,71.4,1.3,2.2,352,28.98,28.98,111.3,1,0.00,0.00,0.00,0.00,0.78,1.34,12
2023/7/31 19:03,77.4,58,71.4,59,56.3,71.4,3.6,5.8,344,28.98,28.98,110.9,1,0.00,0.00,0.00,0.00,0.78,1.34,12
2023/7/31 19:04,77.4,58,71.2,63,58.1,71.2,2.9,3.4,347,28.98,28.98,110.8,1,0.00,0.00,0.00,0.00,0.78,1.34,12
2023/7/31 19:05,77.4,57,71.2,60,56.7,71.2,1.6,2.2,315,28.98,28.98,108.1,1,0.00,0.00,0.00,0.00,0.78,1.34,12
2023/7/31 19:06,77.4,56,71.2,60,56.7,71.2,0.9,1.1,343,28.99,28.99,106.8,1,0.00,0.00,0.00,0.00,0.78,1.34,10
2023/7/31 19:07,77.4,56,71.4,62,57.7,71.4,0.9,1.1,344,28.98,28.98,106.2,1,0.00,0.00,0.00,0.00,0.78,1.34,10
2023/7/31 19:08,77.4,56,71.4,60,56.8,71.4,1.3,2.2,356,28.99,28.99,104.1,1,0.00,0.00,0.00,0.00,0.78,1.34,10
2023/7/31 19:09,77.4,55,71.6,60,57.0,71.6,1.3,2.2,319,28.98,28.98,101.7,0,0.00,0.00,0.00,0.00,0.78,1.34,10
2023/7/31 19:10,77.4,55,71.6,60,57.0,71.6,1.6,2.2,341,28.98,28.98,100.8,0,0.00,0.00,0.00,0.00,0.78,1.34,10
2023/7/31 19:11,77.2,55,71.4,60,56.8,71.4,1.8,2.2,334,28.98,28.98,100.2,0,0.00,0.00,0.00,0.00,0.78,1.34,10
2023/7/31 19:12,77.2,56,71.4,61,57.4,71.4,2.5,3.4,331,28.97,28.97,99.0,0,0.00,0.00,0.00,0.00,0.78,1.34,10
2023/7/31 19:13,77.2,57,71.2,63,58.1,71.2,1.6,2.2,329,28.98,28.98,97.7,0,0.00,0.00,0.00,0.00,0.78,1.34,10
2023/7/31 19:14,77.2,58,71.1,61,57.0,71.1,1.8,2.2,329,28.98,28.98,96.8,0,0.00,0.00,0.00,0.00,0.78,1.34,10
2023/7/31 19:15,77.2,58,71.1,62,57.4,71.1,2.7,3.4,305,28.98,28.98,95.6,0,0.00,0.00,0.00,0.00,0.78,1.34,10
2023/7/31 19:16,77.2,58,71.1,61,57.0,71.1,2.2,3.4,1,28.98,28.98,94.2,0,0.00,0.00,0.00,0.00,0.78,1.34,9
2023/7/31 19:17,77.4,58,71.1,62,57.4,71.1,1.8,2.2,349,28.98,28.98,91.8,0,0.00,0.00,0.00,0.00,0.78,1.34,9
2023/7/31 19:18,77.4,59,71.1,63,57.9,71.1,1.6,2.2,355,28.98,28.98,90.0,0,0.00,0.00,0.00,0.00,0.78,1.34,9
2023/7/31 19:19,77.4,58,71.1,62,57.4,71.1,1.3,2.2,354,28.98,28.98,88.0,0,0.00,0.00,0.00,0.00,0.78,1.34,9
2023/7/31 19:20,77.4,59,71.1,62,57.4,71.1,1.3,2.2,346,28.98,28.98,85.5,0,0.00,0.00,0.00,0.00,0.78,1.34,9
2023/7/31 19:21,77.4,57,71.1,62,57.4,71.1,2.5,3.4,342,28.99,28.99,83.3,0,0.00,0.00,0.00,0.00,0.78,1.34,9
2023/7/31 19:22,77.4,56,71.1,64,58.3,71.1,0.9,1.1,342,28.99,28.99,81.4,0,0.00,0.00,0.00,0.00,0.78,1.34,9
2023/7/31 19:23,77.4,56,70.9,62,57.2,70.9,1.3,2.2,341,28.98,28.98,80.1,0,0.00,0.00,0.00,0.00,0.78,1.34,9
2023/7/31 19:24,77.4,56,70.9,64,58.1,70.9,1.1,2.2,352,28.99,28.99,79.0,0,0.00,0.00,0.00,0.00,0.78,1.34,9
2023/7/31 19:25,77.4,56,70.9,62,57.2,70.9,2.0,3.4,354,28.98,28.98,77.8,0,0.00,0.00,0.00,0.00,0.78,1.34,9
2023/7/31 19:26,77.4,56,70.9,62,57.2,70.9,2.9,3.4,356,28.99,28.99,76.4,0,0.00,0.00,0.00,0.00,0.78,1.34,13
2023/7/31 19:27,77.2,56,70.7,62,57.0,70.7,1.1,1.1,349,28.98,28.98,75.5,0,0.00,0.00,0.00,0.00,0.78,1.34,13
2023/7/31 19:28,77.4,57,70.7,65,58.5,70.7,1.1,1.1,349,28.98,28.98,73.5,0,0.00,0.00,0.00,0.00,0.78,1.34,13
2023/7/31 19:29,77.2,57,70.7,63,57.6,70.7,1.3,2.2,351,28.98,28.98,72.1,0,0.00,0.00,0.00,0.00,0.78,1.34,13
2023/7/31 19:30,77.4,58,70.7,65,58.5,70.7,1.3,2.2,343,28.98,28.98,70.8,0,0.00,0.00,0.00,0.00,0.78,1.34,13
2023/7/31 19:31,77.2,58,70.7,64,57.9,70.7,0.7,1.1,345,28.98,28.98,69.7,0,0.00,0.00,0.00,0.00,0.78,1.34,13
2023/7/31 19:32,77.4,58,70.7,64,57.9,70.7,1.8,2.2,347,28.98,28.98,68.8,0,0.00,0.00,0.00,0.00,0.78,1.34,13
2023/7/31 19:33,77.2,58,70.5,65,58.3,70.5,0.9,1.1,347,28.99,28.99,68.1,0,0.00,0.00,0.00,0.00,0.78,1.34,13
2023/7/31 19:34,77.4,58,70.7,65,58.5,70.7,0.7,1.1,347,28.98,28.98,66.9,0,0.00,0.00,0.00,0.00,0.78,1.34,13
2023/7/31 19:35,77.4,58,70.7,67,59.2,70.7,1.6,2.2,347,28.99,28.99,66.0,0,0.00,0.00,0.00,0.00,0.78,1.34,13
2023/7/31 19:36,77.4,58,70.7,64,57.9,70.7,1.1,1.1,341,28.99,28.99,65.2,0,0.00,0.00,0.00,0.00,0.78,1.34,14
2023/7/31 19:37,77.4,58,70.5,64,57.7,70.5,1.1,1.1,342,28.98,28.98,64.0,0,0.00,0.00,0.00,0.00,0.78,1.34,14
2023/7/31 19:38,77.4,58,70.5,66,58.6,70.5,0.2,1.1,337,28.99,28.99,62.6,0,0.00,0.00,0.00,0.00,0.78,1.34,14
2023/7/31 19:39,77.4,57,70.3,66,58.5,70.3,1.6,2.2,333,28.98,28.98,61.6,0,0.00,0.00,0.00,0.00,0.78,1.34,14
2023/7/31 19:40,77.4,56,70.3,64,57.6,70.3,2.0,2.2,334,28.99,28.99,60.9,0,0.00,0.00,0.00,0.00,0.78,1.34,14
2023/7/31 19:41,77.4,56,70.3,66,58.5,70.3,0.7,1.1,334,28.99,28.99,59.7,0,0.00,0.00,0.00,0.00,0.78,1.34,14
2023/7/31 19:42,77.2,56,70.3,66,58.5,70.3,1.3,2.2,334,28.99,28.99,58.8,0,0.00,0.00,0.00,0.00,0.78,1.34,14
2023/7/31 19:43,77.2,56,70.2,66,58.3,70.2,1.3,2.2,342,28.98,28.98,57.9,0,0.00,0.00,0.00,0.00,0.78,1.34,14
2023/7/31 19:44,77.2,55,70.2,65,57.9,70.2,1.8,2.2,337,29.00,29.00,56.4,0,0.00,0.00,0.00,0.00,0.78,1.34,14
2023/7/31 19:45,77.2,56,70.0,66,58.1,70.0,1.1,1.1,338,28.98,28.98,54.9,0,0.00,0.00,0.00,0.00,0.78,1.34,14
2023/7/31 19:46,77.2,57,70.0,67,58.5,70.0,1.8,2.2,338,28.99,28.99,53.5,0,0.00,0.00,0.00,0.00,0.78,1.34,12
2023/7/31 19:47,77.2,58,69.8,66,57.9,69.8,1.6,2.2,343,28.99,28.99,52.2,0,0.00,0.00,0.00,0.00,0.78,1.34,12
2023/7/31 19:48,77.2,58,69.8,66,57.9,69.8,0.9,1.1,344,28.99,28.99,50.7,0,0.00,0.00,0.00,0.00,0.78,1.34,12
2023/7/31 19:49,77.2,58,69.8,68,58.8,69.8,0.0,0.0,344,28.99,28.99,49.2,0,0.00,0.00,0.00,0.00,0.78,1.34,12
2023/7/31 19:50,77.2,58,69.8,66,57.9,69.8,1.1,1.1,339,28.99,28.99,47.5,0,0.00,0.00,0.00,0.00,0.78,1.34,12
2023/7/31 19:51,77.2,59,69.8,68,58.8,69.8,1.1,1.1,327,29.00,29.00,45.9,0,0.00,0.00,0.00,0.00,0.78,1.34,12
2023/7/31 19:52,77.2,59,69.6,67,58.1,69.6,2.5,3.4,337,29.00,29.00,44.8,0,0.00,0.00,0.00,0.00,0.78,1.34,12
2023/7/31 19:53,77.2,58,69.4,69,58.8,69.4,0.7,1.1,338,28.99,28.99,43.4,0,0.00,0.00,0.00,0.00,0.78,1.34,12
2023/7/31 19:54,77.4,57,69.3,68,58.3,69.3,0.2,1.1,338,29.00,29.00,42.1,0,0.00,0.00,0.00,0.00,0.78,1.34,12
2023/7/31 19:55,77.2,56,69.3,67,57.9,69.3,0.4,1.1,338,28.99,28.99,40.7,0,0.00,0.00,0.00,0.00,0.78,1.34,12
2023/7/31 19:56,77.2,56,69.3,67,57.9,69.3,1.8,2.2,338,28.99,28.99,39.8,0,0.00,0.00,0.00,0.00,0.78,1.34,12
2023/7/31 19:57,77.2,56,69.3,69,58.6,69.3,0.4,1.1,339,28.99,28.99,38.5,0,0.00,0.00,0.00,0.00,0.78,1.34,12
2023/7/31 19:58,77.2,56,69.3,67,57.9,69.3,1.1,1.1,339,29.00,29.00,37.3,0,0.00,0.00,0.00,0.00,0.78,1.34,12
2023/7/31 19:59,77.2,55,69.1,68,58.1,69.1,1.3,2.2,339,28.99,28.99,36.5,0,0.00,0.00,0.00,0.00,0.78,1.34,12
2023/7/31 20:00,77.0,55,69.1,70,59.0,69.1,0.9,1.1,338,28.99,28.99,35.3,0,0.00,0.00,0.00,0.00,0.78,1.34,12
2023/7/31 20:01,77.0,57,69.1,70,59.0,69.1,0.0,0.0,338,28.99,28.99,34.2,0,0.00,0.00,0.00,0.00,0.78,1.34,12
2023/7/31 20:02,77.0,58,68.7,70,58.6,68.7,0.0,0.0,338,28.99,28.99,33.3,0,0.00,0.00,0.00,0.00,0.78,1.34,12
2023/7/31 20:03,77.0,58,68.5,72,59.2,68.5,0.0,0.0,338,28.99,28.99,32.7,0,0.00,0.00,0.00,0.00,0.78,1.34,12
2023/7/31 20:04,77.0,59,68.5,70,58.5,68.5,1.1,1.1,338,29.00,29.00,31.8,0,0.00,0.00,0.00,0.00,0.78,1.34,12
2023/7/31 20:05,77.0,59,68.4,73,59.4,68.4,0.0,0.0,338,28.99,28.99,31.0,0,0.00,0.00,0.00,0.00,0.78,1.34,12
2023/7/31 20:06,77.0,59,68.2,71,58.5,68.2,0.2,1.1,338,29.00,29.00,30.1,0,0.00,0.00,0.00,0.00,0.78,1.34,13
2023/7/31 20:07,77.0,59,67.8,73,58.8,67.8,0.9,1.1,339,29.00,29.00,29.2,0,0.00,0.00,0.00,0.00,0.78,1.34,13
2023/7/31 20:08,77.2,59,67.8,72,58.5,67.8,0.9,1.1,339,29.00,29.00,28.4,0,0.00,0.00,0.00,0.00,0.78,1.34,13
2023/7/31 20:09,77.2,59,67.6,72,58.3,67.6,0.2,1.1,339,29.00,29.00,27.5,0,0.00,0.00,0.00,0.00,0.78,1.34,13
2023/7/31 20:10,77.2,59,67.5,76,59.5,67.5,0.0,0.0,339,29.00,29.00,26.4,0,0.00,0.00,0.00,0.00,0.78,1.34,13
2023/7/31 20:11,77.2,59,67.3,75,59.2,67.3,0.0,0.0,339,28.99,28.99,25.4,0,0.00,0.00,0.00,0.00,0.78,1.34,13
2023/7/31 20:12,77.2,59,67.3,75,59.2,67.3,0.0,0.0,339,29.00,29.00,24.6,0,0.00,0.00,0.00,0.00,0.78,1.34,13
2023/7/31 20:13,77.2,57,67.1,75,59.0,67.1,0.0,0.0,339,29.00,29.00,23.5,0,0.00,0.00,0.00,0.00,0.78,1.34,13
2023/7/31 20:14,77.2,57,66.9,76,59.2,66.9,0.0,0.0,339,28.99,28.99,22.5,0,0.00,0.00,0.00,0.00,0.78,1.34,13
2023/7/31 20:15,77.2,57,66.7,74,58.3,66.7,0.9,1.1,339,29.00,29.00,21.7,0,0.00,0.00,0.00,0.00,0.78,1.34,13
2023/7/31 20:16,77.2,57,66.7,77,59.4,66.7,0.0,0.0,339,29.00,29.00,20.6,0,0.00,0.00,0.00,0.00,0.78,1.34,11
2023/7/31 20:17,77.2,57,66.7,77,59.4,66.7,0.0,0.0,339,28.99,28.99,19.6,0,0.00,0.00,0.00,0.00,0.78,1.34,11
2023/7/31 20:18,77.2,58,66.6,76,58.8,66.6,0.0,0.0,339,28.99,28.99,18.6,0,0.00,0.00,0.00,0.00,0.78,1.34,11
2023/7/31 20:19,77.2,58,66.4,78,59.4,66.4,0.0,0.0,339,29.00,29.00,17.9,0,0.00,0.00,0.00,0.00,0.78,1.34,11
2023/7/31 20:20,77.2,59,66.4,77,59.0,66.4,0.0,0.0,339,29.00,29.00,17.0,0,0.00,0.00,0.00,0.00,0.78,1.34,11
2023/7/31 20:21,77.2,59,66.0,80,59.7,66.0,0.0,0.0,339,29.00,29.00,16.0,0,0.00,0.00,0.00,0.00,0.78,1.34,11
2023/7/31 20:22,77.2,59,65.8,78,58.8,65.8,0.9,1.1,339,29.00,29.00,15.2,0,0.00,0.00,0.00,0.00,0.78,1.34,11
2023/7/31 20:23,77.2,59,65.7,80,59.4,65.7,0.0,0.0,339,29.00,29.00,14.3,0,0.00,0.00,0.00,0.00,0.78,1.34,11
2023/7/31 20:24,77.2,59,65.7,79,59.0,65.7,0.7,1.1,339,29.00,29.00,13.7,0,0.00,0.00,0.00,0.00,0.78,1.34,11
2023/7/31 20:25,77.2,59,65.5,80,59.2,65.5,0.0,0.0,339,29.00,29.00,12.9,0,0.00,0.00,0.00,0.00,0.78,1.34,11
2023/7/31 20:26,77.2,60,65.3,81,59.4,65.3,0.0,0.0,339,29.00,29.00,12.1,0,0.00,0.00,0.00,0.00,0.78,1.34,13
2023/7/31 20:27,77.2,60,65.1,80,58.8,65.1,0.2,1.1,339,29.00,29.00,11.6,0,0.00,0.00,0.00,0.00,0.78,1.34,13
2023/7/31 20:28,77.2,60,64.9,81,59.0,64.9,0.0,0.0,339,29.00,29.00,10.9,0,0.00,0.00,0.00,0.00,0.78,1.34,13
2023/7/31 20:29,77.2,59,64.8,82,59.2,64.8,0.0,0.0,339,29.00,29.00,10.2,0,0.00,0.00,0.00,0.00,0.78,1.34,13
2023/7/31 20:30,77.4,59,64.6,83,59.4,64.6,0.0,0.0,339,29.00,29.00,9.5,0,0.00,0.00,0.00,0.00,0.78,1.34,13
2023/7/31 20:31,77.4,58,64.6,82,59.0,64.6,0.2,1.1,339,29.00,29.00,9.0,0,0.00,0.00,0.00,0.00,0.78,1.34,13
2023/7/31 20:32,77.2,57,64.4,82,58.8,64.4,0.0,0.0,339,29.00,29.00,8.4,0,0.00,0.00,0.00,0.00,0.78,1.34,13
2023/7/31 20:33,77.4,57,64.4,81,58.5,64.4,0.0,0.0,339,29.00,29.00,7.8,0,0.00,0.00,0.00,0.00,0.78,1.34,13
2023/7/31 20:34,77.2,57,64.2,82,58.6,64.2,0.0,0.0,339,29.00,29.00,7.3,0,0.00,0.00,0.00,0.00,0.78,1.34,13
2023/7/31 20:35,77.2,58,64.2,80,57.9,64.2,0.7,1.1,339,29.00,29.00,6.7,0,0.00,0.00,0.00,0.00,0.78,1.34,13
2023/7/31 20:36,77.2,58,64.0,83,58.8,64.0,0.0,0.0,339,29.00,29.00,6.4,0,0.00,0.00,0.00,0.00,0.78,1.34,9
2023/7/31 20:37,77.2,58,64.0,82,58.5,64.0,0.0,0.0,339,29.00,29.00,5.9,0,0.00,0.00,0.00,0.00,0.78,1.34,9
2023/7/31 20:38,77.2,59,64.0,82,58.5,64.0,0.0,0.0,339,29.00,29.00,5.4,0,0.00,0.00,0.00,0.00,0.78,1.34,9
2023/7/31 20:39,77.2,59,64.0,83,58.8,64.0,0.0,0.0,339,29.00,29.00,5.0,0,0.00,0.00,0.00,0.00,0.78,1.34,9
2023/7/31 20:40,77.2,58,64.0,83,58.8,64.0,0.0,0.0,339,29.00,29.00,4.7,0,0.00,0.00,0.00,0.00,0.78,1.34,9
2023/7/31 20:41,77.2,58,63.9,83,58.6,63.9,0.0,0.0,339,29.00,29.00,4.3,0,0.00,0.00,0.00,0.00,0.78,1.34,9
2023/7/31 20:42,77.2,58,63.7,82,58.1,63.7,0.7,1.1,339,29.00,29.00,3.9,0,0.00,0.00,0.00,0.00,0.78,1.34,9
2023/7/31 20:43,77.2,58,63.7,81,57.7,63.7,1.1,1.1,339,29.00,29.00,3.6,0,0.00,0.00,0.00,0.00,0.78,1.34,9
2023/7/31 20:44,77.2,58,63.7,81,57.7,63.7,0.4,1.1,339,29.00,29.00,3.3,0,0.00,0.00,0.00,0.00,0.78,1.34,9
2023/7/31 20:45,77.2,58,63.9,82,58.3,63.9,0.0,0.0,339,29.01,29.01,2.9,0,0.00,0.00,0.00,0.00,0.78,1.34,9
2023/7/31 20:46,77.2,58,64.0,83,58.8,64.0,0.2,1.1,339,29.00,29.00,2.6,0,0.00,0.00,0.00,0.00,0.78,1.34,13
2023/7/31 20:47,77.2,58,64.0,81,58.1,64.0,0.0,0.0,339,29.00,29.00,2.4,0,0.00,0.00,0.00,0.00,0.78,1.34,13
2023/7/31 20:48,77.2,58,63.9,82,58.3,63.9,0.0,0.0,339,29.00,29.00,2.1,0,0.00,0.00,0.00,0.00,0.78,1.34,13
2023/7/31 20:49,77.2,58,63.9,81,57.9,63.9,0.0,0.0,339,29.00,29.00,1.9,0,0.00,0.00,0.00,0.00,0.78,1.34,13
2023/7/31 20:50,77.2,57,63.9,83,58.6,63.9,0.0,0.0,339,29.00,29.00,1.7,0,0.00,0.00,0.00,0.00,0.78,1.34,13
2023/7/31 20:51,77.2,57,63.9,84,59.0,63.9,0.0,0.0,339,29.01,29.01,1.4,0,0.00,0.00,0.00,0.00,0.78,1.34,13
2023/7/31 20:52,77.2,57,63.7,84,58.8,63.7,0.0,0.0,339,29.00,29.00,1.3,0,0.00,0.00,0.00,0.00,0.78,1.34,13
2023/7/31 20:53,77.2,57,63.5,84,58.6,63.5,0.0,0.0,339,29.00,29.00,1.1,0,0.00,0.00,0.00,0.00,0.78,1.34,13
2023/7/31 20:54,77.2,58,63.3,84,58.5,63.3,0.0,0.0,339,29.00,29.00,1.0,0,0.00,0.00,0.00,0.00,0.78,1.34,13
2023/7/31 20:55,77.0,59,63.1,84,58.3,63.1,0.0,0.0,339,29.00,29.00,0.8,0,0.00,0.00,0.00,0.00,0.78,1.34,13
2023/7/31 20:56,77.0,59,63.0,84,58.1,63.0,0.0,0.0,339,29.00,29.00,0.7,0,0.00,0.00,0.00,0.00,0.78,1.34,12
2023/7/31 20:57,77.2,59,63.0,84,58.1,63.0,0.0,0.0,339,29.00,29.00,0.6,0,0.00,0.00,0.00,0.00,0.78,1.34,12
2023/7/31 20:58,77.0,59,62.8,85,58.3,62.8,0.0,0.0,339,29.01,29.01,0.5,0,0.00,0.00,0.00,0.00,0.78,1.34,12
2023/7/31 20:59,77.2,59,62.8,85,58.3,62.8,0.0,0.0,339,29.01,29.01,0.4,0,0.00,0.00,0.00,0.00,0.78,1.34,12
2023/7/31 21:00,77.2,59,62.6,85,58.1,62.6,0.0,0.0,339,29.00,29.00,0.4,0,0.00,0.00,0.00,0.00,0.78,1.34,12
2023/7/31 21:01,77.0,59,62.4,85,57.9,62.4,0.0,0.0,339,29.01,29.01,0.3,0,0.00,0.00,0.00,0.00,0.78,1.34,12
2023/7/31 21:02,77.2,59,62.2,86,58.1,62.2,0.0,0.0,339,29.01,29.01,0.2,0,0.00,0.00,0.00,0.00,0.78,1.34,12
2023/7/31 21:03,77.2,59,62.2,86,58.1,62.2,0.0,0.0,339,29.00,29.00,0.2,0,0.00,0.00,0.00,0.00,0.78,1.34,12
2023/7/31 21:04,77.2,59,62.1,86,57.9,62.1,0.0,0.0,339,29.00,29.00,0.1,0,0.00,0.00,0.00,0.00,0.78,1.34,12
2023/7/31 21:05,77.2,59,62.1,86,57.9,62.1,0.0,0.0,339,29.01,29.01,0.1,0,0.00,0.00,0.00,0.00,0.78,1.34,12
2023/7/31 21:06,77.0,59,61.9,87,58.1,61.9,0.0,0.0,339,29.01,29.01,0.1,0,0.00,0.00,0.00,0.00,0.78,1.34,11
2023/7/31 21:07,77.2,59,61.9,87,58.1,61.9,0.0,0.0,339,29.01,29.01,0.1,0,0.00,0.00,0.00,0.00,0.78,1.34,11
2023/7/31 21:08,77.2,58,61.7,87,57.9,61.7,0.0,0.0,339,29.00,29.00,0.0,0,0.00,0.00,0.00,0.00,0.78,1.34,11
2023/7/31 21:09,77.2,57,61.7,87,57.9,61.7,0.0,0.0,339,29.01,29.01,0.0,0,0.00,0.00,0.00,0.00,0.78,1.34,11
2023/7/31 21:10,77.2,57,61.5,87,57.7,61.5,0.0,0.0,339,29.01,29.01,0.0,0,0.00,0.00,0.00,0.00,0.78,1.34,11
2023/7/31 21:11,77.0,58,61.5,87,57.7,61.5,0.0,0.0,339,29.01,29.01,0.0,0,0.00,0.00,0.00,0.00,0.78,1.34,11
2023/7/31 21:12,77.0,59,61.3,87,57.6,61.3,0.0,0.0,339,29.00,29.00,0.0,0,0.00,0.00,0.00,0.00,0.78,1.34,11
2023/7/31 21:13,77.0,59,61.3,87,57.6,61.3,0.0,0.0,339,29.00,29.00,0.0,0,0.00,0.00,0.00,0.00,0.78,1.34,11
2023/7/31 21:14,77.0,60,61.3,87,57.6,61.3,0.0,0.0,339,29.01,29.01,0.0,0,0.00,0.00,0.00,0.00,0.78,1.34,11
2023/7/31 21:15,77.0,60,61.5,86,57.4,61.5,0.0,0.0,339,29.01,29.01,0.0,0,0.00,0.00,0.00,0.00,0.78,1.34,11
2023/7/31 21:16,77.0,60,61.5,86,57.4,61.5,0.0,0.0,339,29.00,29.00,0.0,0,0.00,0.00,0.00,0.00,0.78,1.34,9
2023/7/31 21:17,77.0,60,61.5,86,57.4,61.5,0.0,0.0,339,29.01,29.01,0.0,0,0.00,0.00,0.00,0.00,0.78,1.34,9
2023/7/31 21:18,77.0,60,61.5,87,57.7,61.5,0.0,0.0,339,29.00,29.00,0.0,0,0.00,0.00,0.00,0.00,0.78,1.34,9
2023/7/31 21:19,77.0,60,61.5,88,57.9,61.5,0.0,0.0,339,29.01,29.01,0.0,0,0.00,0.00,0.00,0.00,0.78,1.34,9
2023/7/31 21:20,77.0,60,61.5,88,57.9,61.5,0.0,0.0,339,29.01,29.01,0.0,0,0.00,0.00,0.00,0.00,0.78,1.34,9
2023/7/31 21:21,77.0,60,61.3,88,57.7,61.3,0.0,0.0,339,29.00,29.00,0.0,0,0.00,0.00,0.00,0.00,0.78,1.34,9
2023/7/31 21:22,77.0,59,61.2,88,57.6,61.2,0.0,0.0,339,29.01,29.01,0.0,0,0.00,0.00,0.00,0.00,0.78,1.34,9
2023/7/31 21:23,77.0,59,61.2,88,57.6,61.2,0.0,0.0,339,29.01,29.01,0.0,0,0.00,0.00,0.00,0.00,0.78,1.34,9
2023/7/31 21:24,77.0,59,61.0,88,57.4,61.0,0.0,0.0,339,29.01,29.01,0.0,0,0.00,0.00,0.00,0.00,0.78,1.34,9
2023/7/31 21:25,77.0,59,61.0,89,57.7,61.0,0.0,0.0,339,29.01,29.01,0.0,0,0.00,0.00,0.00,0.00,0.78,1.34,9
2023/7/31 21:26,77.0,59,60.8,89,57.6,60.8,0.0,0.0,339,29.01,29.01,0.0,0,0.00,0.00,0.00,0.00,0.78,1.34,11
2023/7/31 21:27,77.0,58,60.8,89,57.6,60.8,0.0,0.0,339,29.01,29.01,0.0,0,0.00,0.00,0.00,0.00,0.78,1.34,11
2023/7/31 21:28,77.0,58,60.6,90,57.7,60.6,0.0,0.0,339,29.01,29.01,0.0,0,0.00,0.00,0.00,0.00,0.78,1.34,11
2023/7/31 21:29,77.0,58,60.6,90,57.7,60.6,0.0,0.0,339,29.01,29.01,0.0,0,0.00,0.00,0.00,0.00,0.78,1.34,11
2023/7/31 21:30,77.0,58,60.6,90,57.7,60.6,0.0,0.0,339,29.02,29.02,0.0,0,0.00,0.00,0.00,0.00,0.78,1.34,11
2023/7/31 21:31,77.0,59,60.4,90,57.6,60.4,0.0,0.0,339,29.01,29.01,0.0,0,0.00,0.00,0.00,0.00,0.78,1.34,11
2023/7/31 21:32,77.0,60,60.4,91,57.9,60.4,0.0,0.0,339,29.02,29.02,0.0,0,0.00,0.00,0.00,0.00,0.78,1.34,11
2023/7/31 21:33,77.0,60,60.4,91,57.9,60.4,0.0,0.0,339,29.01,29.01,0.0,0,0.00,0.00,0.00,0.00,0.78,1.34,11
2023/7/31 21:34,77.0,60,60.4,91,57.9,60.4,0.0,0.0,339,29.02,29.02,0.0,0,0.00,0.00,0.00,0.00,0.78,1.34,11
2023/7/31 21:35,76.8,61,60.4,91,57.9,60.4,0.0,0.0,339,29.02,29.02,0.0,0,0.00,0.00,0.00,0.00,0.78,1.34,11
2023/7/31 21:36,77.0,61,60.4,91,57.9,60.4,0.0,0.0,339,29.02,29.02,0.0,0,0.00,0.00,0.00,0.00,0.78,1.34,10
2023/7/31 21:37,77.0,61,60.4,91,57.9,60.4,0.0,0.0,339,29.02,29.02,0.0,0,0.00,0.00,0.00,0.00,0.78,1.34,10
2023/7/31 21:38,77.0,61,60.3,91,57.7,60.3,0.0,0.0,339,29.02,29.02,0.0,0,0.00,0.00,0.00,0.00,0.78,1.34,10
2023/7/31 21:39,77.0,60,60.3,91,57.7,60.3,0.0,0.0,339,29.01,29.01,0.0,0,0.00,0.00,0.00,0.00,0.78,1.34,10
2023/7/31 21:40,77.0,60,60.3,91,57.7,60.3,0.0,0.0,339,29.02,29.02,0.0,0,0.00,0.00,0.00,0.00,0.78,1.34,10
2023/7/31 21:41,76.8,60,60.3,91,57.7,60.3,0.0,0.0,339,29.02,29.02,0.0,0,0.00,0.00,0.00,0.00,0.78,1.34,10
2023/7/31 21:42,77.0,60,60.1,91,57.6,60.1,0.0,0.0,339,29.02,29.02,0.0,0,0.00,0.00,0.00,0.00,0.78,1.34,10
2023/7/31 21:43,77.0,60,60.1,92,57.7,60.1,0.0,0.0,339,29.02,29.02,0.0,0,0.00,0.00,0.00,0.00,0.78,1.34,10
2023/7/31 21:44,77.0,60,60.1,92,57.7,60.1,0.0,0.0,339,29.02,29.02,0.0,0,0.00,0.00,0.00,0.00,0.78,1.34,10
2023/7/31 21:45,77.0,59,59.9,92,57.6,59.9,0.0,0.0,339,29.02,29.02,0.0,0,0.00,0.00,0.00,0.00,0.78,1.34,10
2023/7/31 21:46,77.0,59,59.9,92,57.6,59.9,0.0,0.0,339,29.02,29.02,0.0,0,0.00,0.00,0.00,0.00,0.78,1.34,10
2023/7/31 21:47,76.8,58,59.7,93,57.6,59.7,0.0,0.0,339,29.02,29.02,0.0,0,0.00,0.00,0.00,0.00,0.78,1.34,10
2023/7/31 21:48,76.8,58,59.7,93,57.6,59.7,0.0,0.0,339,29.02,29.02,0.0,0,0.00,0.00,0.00,0.00,0.78,1.34,10
2023/7/31 21:49,76.8,59,59.7,93,57.6,59.7,0.0,0.0,339,29.02,29.02,0.0,0,0.00,0.00,0.00,0.00,0.78,1.34,10
2023/7/31 21:50,76.8,60,59.5,93,57.4,59.5,0.0,0.0,339,29.02,29.02,0.0,0,0.00,0.00,0.00,0.00,0.78,1.34,10
2023/7/31 21:51,76.8,59,59.5,93,57.4,59.5,0.0,0.0,339,29.02,29.02,0.0,0,0.00,0.00,0.00,0.00,0.78,1.34,10
2023/7/31 21:52,76.8,60,59.4,93,57.2,59.4,0.0,0.0,339,29.02,29.02,0.0,0,0.00,0.00,0.00,0.00,0.78,1.34,10
2023/7/31 21:53,76.8,60,59.4,93,57.2,59.4,0.0,0.0,339,29.02,29.02,0.0,0,0.00,0.00,0.00,0.00,0.78,1.34,10
2023/7/31 21:54,76.8,59,59.4,94,57.6,59.4,0.0,0.0,339,29.02,29.02,0.0,0,0.00,0.00,0.00,0.00,0.78,1.34,10
2023/7/31 21:55,76.8,60,59.4,94,57.6,59.4,0.0,0.0,339,29.02,29.02,0.0,0,0.00,0.00,0.00,0.00,0.78,1.34,10
2023/7/31 21:56,76.8,60,59.4,94,57.6,59.4,0.0,0.0,339,29.02,29.02,0.0,0,0.00,0.00,0.00,0.00,0.78,1.34,10
2023/7/31 21:57,76.8,59,59.4,94,57.6,59.4,0.0,0.0,339,29.03,29.03,0.0,0,0.00,0.00,0.00,0.00,0.78,1.34,10
2023/7/31 21:58,76.8,59,59.2,94,57.4,59.2,0.0,0.0,339,29.02,29.02,0.0,0,0.00,0.00,0.00,0.00,0.78,1.34,10
2023/7/31 21:59,76.8,59,59.2,94,57.4,59.2,0.0,0.0,339,29.02,29.02,0.0,0,0.00,0.00,0.00,0.00,0.78,1.34,10
2023/7/31 22:00,76.8,59,59.2,94,57.4,59.2,0.0,0.0,339,29.02,29.02,0.0,0,0.00,0.00,0.00,0.00,0.78,1.34,10
2023/7/31 22:01,76.8,59,59.2,93,57.0,59.2,0.9,1.1,339,29.02,29.02,0.0,0,0.00,0.00,0.00,0.00,0.78,1.34,10
2023/7/31 22:02,76.8,59,59.4,92,57.0,59.4,0.0,0.0,339,29.02,29.02,0.0,0,0.00,0.00,0.00,0.00,0.78,1.34,10
2023/7/31 22:03,76.8,59,59.7,91,57.2,59.7,0.0,0.0,338,29.02,29.02,0.0,0,0.00,0.00,0.00,0.00,0.78,1.34,10
2023/7/31 22:04,76.8,59,59.9,91,57.4,59.9,0.0,0.0,339,29.03,29.03,0.0,0,0.00,0.00,0.00,0.00,0.78,1.34,10
2023/7/31 22:05,76.8,58,60.1,91,57.6,60.1,0.0,0.0,339,29.03,29.03,0.0,0,0.00,0.00,0.00,0.00,0.78,1.34,10
2023/7/31 22:06,76.6,57,60.1,92,57.7,60.1,0.0,0.0,339,29.02,29.02,0.0,0,0.00,0.00,0.00,0.00,0.78,1.34,13
2023/7/31 22:07,76.8,58,60.1,91,57.6,60.1,0.0,0.0,339,29.03,29.03,0.0,0,0.00,0.00,0.00,0.00,0.78,1.34,13
2023/7/31 22:08,76.6,57,59.9,91,57.4,59.9,0.0,0.0,339,29.02,29.02,0.0,0,0.00,0.00,0.00,0.00,0.78,1.34,13
2023/7/31 22:09,76.6,59,59.9,91,57.4,59.9,0.0,0.0,339,29.02,29.02,0.0,0,0.00,0.00,0.00,0.00,0.78,1.34,13
2023/7/31 22:10,76.6,59,59.9,91,57.4,59.9,0.0,0.0,339,29.03,29.03,0.0,0,0.00,0.00,0.00,0.00,0.78,1.34,13
2023/7/31 22:11,76.6,60,59.9,92,57.6,59.9,0.0,0.0,339,29.02,29.02,0.0,0,0.00,0.00,0.00,0.00,0.78,1.34,13
2023/7/31 22:12,76.6,60,59.9,92,57.6,59.9,0.0,0.0,339,29.02,29.02,0.0,0,0.00,0.00,0.00,0.00,0.78,1.34,13
2023/7/31 22:13,76.6,60,59.7,92,57.4,59.7,0.0,0.0,339,29.02,29.02,0.0,0,0.00,0.00,0.00,0.00,0.78,1.34,13
2023/7/31 22:14,76.6,60,59.7,92,57.4,59.7,0.0,0.0,339,29.03,29.03,0.0,0,0.00,0.00,0.00,0.00,0.78,1.34,13
2023/7/31 22:15,76.6,60,59.7,92,57.4,59.7,0.0,0.0,339,29.02,29.02,0.0,0,0.00,0.00,0.00,0.00,0.78,1.34,13
2023/7/31 22:16,76.6,60,59.5,92,57.2,59.5,0.0,0.0,338,29.02,29.02,0.0,0,0.00,0.00,0.00,0.00,0.78,1.34,13
2023/7/31 22:17,76.6,60,59.5,92,57.2,59.5,0.0,0.0,339,29.02,29.02,0.0,0,0.00,0.00,0.00,0.00,0.78,1.34,13
2023/7/31 22:18,76.6,60,59.5,92,57.2,59.5,0.0,0.0,339,29.03,29.03,0.0,0,0.00,0.00,0.00,0.00,0.78,1.34,13
2023/7/31 22:19,76.6,60,59.5,92,57.2,59.5,0.0,0.0,339,29.03,29.03,0.0,0,0.00,0.00,0.00,0.00,0.78,1.34,13
2023/7/31 22:20,76.6,60,59.5,92,57.2,59.5,0.0,0.0,339,29.02,29.02,0.0,0,0.00,0.00,0.00,0.00,0.78,1.34,13
2023/7/31 22:21,76.6,59,59.5,91,57.0,59.5,0.0,0.0,339,29.03,29.03,0.0,0,0.00,0.00,0.00,0.00,0.78,1.34,13
2023/7/31 22:22,76.6,59,59.5,92,57.2,59.5,0.0,0.0,339,29.03,29.03,0.0,0,0.00,0.00,0.00,0.00,0.78,1.34,13
2023/7/31 22:23,76.6,59,59.7,91,57.2,59.7,0.0,0.0,339,29.03,29.03,0.0,0,0.00,0.00,0.00,0.00,0.78,1.34,13
2023/7/31 22:24,76.6,59,59.7,91,57.2,59.7,0.0,0.0,339,29.03,29.03,0.0,0,0.00,0.00,0.00,0.00,0.78,1.34,13
2023/7/31 22:25,76.6,59,59.9,91,57.4,59.9,0.0,0.0,339,29.03,29.03,0.0,0,0.00,0.00,0.00,0.00,0.78,1.34,13
2023/7/31 22:26,76.6,59,59.9,90,57.0,59.9,0.0,0.0,339,29.03,29.03,0.0,0,0.00,0.00,0.00,0.00,0.78,1.34,13
2023/7/31 22:27,76.6,59,59.9,91,57.4,59.9,0.0,0.0,339,29.02,29.02,0.0,0,0.00,0.00,0.00,0.00,0.78,1.34,13
2023/7/31 22:28,76.6,58,60.1,90,57.2,60.1,0.0,0.0,339,29.03,29.03,0.0,0,0.00,0.00,0.00,0.00,0.78,1.34,13
2023/7/31 22:29,76.5,58,60.1,90,57.2,60.1,0.0,0.0,339,29.03,29.03,0.0,0,0.00,0.00,0.00,0.00,0.78,1.34,13
2023/7/31 22:30,76.5,59,60.1,91,57.6,60.1,0.0,0.0,339,29.02,29.02,0.0,0,0.00,0.00,0.00,0.00,0.78,1.34,13
2023/7/31 22:31,76.5,60,60.1,91,57.6,60.1,0.0,0.0,339,29.03,29.03,0.0,0,0.00,0.00,0.00,0.00,0.78,1.34,13
2023/7/31 22:32,76.5,60,59.9,91,57.4,59.9,0.0,0.0,339,29.03,29.03,0.0,0,0.00,0.00,0.00,0.00,0.78,1.34,13
2023/7/31 22:33,76.5,61,59.7,91,57.2,59.7,0.0,0.0,339,29.03,29.03,0.0,0,0.00,0.00,0.00,0.00,0.78,1.34,13
2023/7/31 22:34,76.5,61,59.7,91,57.2,59.7,0.0,0.0,339,29.02,29.02,0.0,0,0.00,0.00,0.00,0.00,0.78,1.34,13
2023/7/31 22:35,76.5,61,59.5,91,57.0,59.5,0.0,0.0,339,29.03,29.03,0.0,0,0.00,0.00,0.00,0.00,0.78,1.34,13
2023/7/31 22:36,76.5,61,59.4,91,56.8,59.4,0.0,0.0,339,29.03,29.03,0.0,0,0.00,0.00,0.00,0.00,0.78,1.34,11
2023/7/31 22:37,76.5,61,59.4,91,56.8,59.4,0.0,0.0,339,29.02,29.02,0.0,0,0.00,0.00,0.00,0.00,0.78,1.34,11
2023/7/31 22:38,76.5,61,59.2,92,56.8,59.2,0.0,0.0,339,29.02,29.02,0.0,0,0.00,0.00,0.00,0.00,0.78,1.34,11
2023/7/31 22:39,76.5,61,59.2,92,56.8,59.2,0.0,0.0,339,29.02,29.02,0.0,0,0.00,0.00,0.00,0.00,0.78,1.34,11
2023/7/31 22:40,76.5,60,59.0,93,57.0,59.0,0.0,0.0,339,29.02,29.02,0.0,0,0.00,0.00,0.00,0.00,0.78,1.34,11
2023/7/31 22:41,76.5,60,59.0,93,57.0,59.0,0.0,0.0,339,29.02,29.02,0.0,0,0.00,0.00,0.00,0.00,0.78,1.34,11
2023/7/31 22:42,76.5,60,58.8,93,56.8,58.8,0.0,0.0,339,29.02,29.02,0.0,0,0.00,0.00,0.00,0.00,0.78,1.34,11
2023/7/31 22:43,76.5,60,58.8,93,56.8,58.8,0.0,0.0,339,29.02,29.02,0.0,0,0.00,0.00,0.00,0.00,0.78,1.34,11
2023/7/31 22:44,76.5,60,58.6,93,56.7,58.6,0.0,0.0,339,29.02,29.02,0.0,0,0.00,0.00,0.00,0.00,0.78,1.34,11
2023/7/31 22:45,76.5,60,58.6,93,56.7,58.6,0.0,0.0,338,29.03,29.03,0.0,0,0.00,0.00,0.00,0.00,0.78,1.34,11
2023/7/31 22:46,76.5,60,58.6,93,56.7,58.6,0.0,0.0,338,29.02,29.02,0.0,0,0.00,0.00,0.00,0.00,0.78,1.34,16
2023/7/31 22:47,76.5,60,58.8,93,56.8,58.8,0.0,0.0,338,29.02,29.02,0.0,0,0.00,0.00,0.00,0.00,0.78,1.34,16
2023/7/31 22:48,76.5,60,59.2,93,57.0,59.2,0.0,0.0,338,29.02,29.02,0.0,0,0.00,0.00,0.00,0.00,0.78,1.34,16
2023/7/31 22:49,76.5,60,59.4,94,57.6,59.4,0.0,0.0,338,29.02,29.02,0.0,0,0.00,0.00,0.00,0.00,0.78,1.34,16
2023/7/31 22:50,76.5,60,59.4,93,57.2,59.4,0.0,0.0,339,29.02,29.02,0.0,0,0.00,0.00,0.00,0.00,0.78,1.34,16
2023/7/31 22:51,76.5,59,59.2,93,57.0,59.2,0.0,0.0,339,29.02,29.02,0.0,0,0.00,0.00,0.00,0.00,0.78,1.34,16
2023/7/31 22:52,76.5,59,59.0,93,57.0,59.0,0.0,0.0,339,29.02,29.02,0.0,0,0.00,0.00,0.00,0.00,0.78,1.34,16
2023/7/31 22:53,76.5,59,58.8,93,56.8,58.8,0.0,0.0,339,29.02,29.02,0.0,0,0.00,0.00,0.00,0.00,0.78,1.34,16
2023/7/31 22:54,76.5,58,58.8,93,56.8,58.8,0.0,0.0,339,29.02,29.02,0.0,0,0.00,0.00,0.00,0.00,0.78,1.34,16
2023/7/31 22:55,76.3,60,58.8,93,56.8,58.8,0.0,0.0,339,29.02,29.02,0.0,0,0.00,0.00,0.00,0.00,0.78,1.34,16
2023/7/31 22:56,76.3,61,58.6,93,56.7,58.6,0.0,0.0,339,29.02,29.02,0.0,0,0.00,0.00,0.00,0.00,0.78,1.34,11
2023/7/31 22:57,76.3,61,58.6,93,56.7,58.6,0.0,0.0,339,29.02,29.02,0.0,0,0.00,0.00,0.00,0.00,0.78,1.34,11
2023/7/31 22:58,76.3,61,58.6,94,56.8,58.6,0.0,0.0,338,29.02,29.02,0.0,0,0.00,0.00,0.00,0.00,0.78,1.34,11
2023/7/31 22:59,76.3,61,58.6,94,56.8,58.6,0.0,0.0,339,29.02,29.02,0.0,0,0.00,0.00,0.00,0.00,0.78,1.34,11
2023/7/31 23:00,76.3,61,58.6,94,56.8,58.6,0.0,0.0,339,29.03,29.03,0.0,0,0.00,0.00,0.00,0.00,0.78,1.34,11
2023/7/31 23:01,76.3,61,58.6,95,57.2,58.6,0.0,0.0,339,29.02,29.02,0.0,0,0.00,0.00,0.00,0.00,0.78,1.34,11
2023/7/31 23:02,76.3,61,58.5,95,57.0,58.5,0.0,0.0,339,29.02,29.02,0.0,0,0.00,0.00,0.00,0.00,0.78,1.34,11
2023/7/31 23:03,76.3,61,58.5,95,57.0,58.5,0.0,0.0,339,29.02,29.02,0.0,0,0.00,0.00,0.00,0.00,0.78,1.34,11
2023/7/31 23:04,76.3,61,58.5,95,57.0,58.5,0.0,0.0,339,29.02,29.02,0.0,0,0.00,0.00,0.00,0.00,0.78,1.34,11
2023/7/31 23:05,76.3,61,58.5,95,57.0,58.5,0.0,0.0,339,29.02,29.02,0.0,0,0.00,0.00,0.00,0.00,0.78,1.34,11
2023/7/31 23:06,76.3,61,58.3,95,56.8,58.3,0.0,0.0,339,29.02,29.02,0.0,0,0.00,0.00,0.00,0.00,0.78,1.34,13
2023/7/31 23:07,76.3,60,58.3,95,56.8,58.3,0.0,0.0,339,29.02,29.02,0.0,0,0.00,0.00,0.00,0.00,0.78,1.34,13
2023/7/31 23:08,76.3,60,58.3,95,56.8,58.3,0.0,0.0,339,29.02,29.02,0.0,0,0.00,0.00,0.00,0.00,0.78,1.34,13
2023/7/31 23:09,76.3,60,58.1,95,56.7,58.1,0.0,0.0,339,29.02,29.02,0.0,0,0.00,0.00,0.00,0.00,0.78,1.34,13
2023/7/31 23:10,76.3,60,58.1,96,57.0,58.1,0.0,0.0,339,29.02,29.02,0.0,0,0.00,0.00,0.00,0.00,0.78,1.34,13
2023/7/31 23:11,76.3,60,58.1,96,57.0,58.1,0.0,0.0,339,29.02,29.02,0.0,0,0.00,0.00,0.00,0.00,0.78,1.34,13
2023/7/31 23:12,76.3,60,58.1,96,57.0,58.1,0.0,0.0,339,29.02,29.02,0.0,0,0.00,0.00,0.00,0.00,0.78,1.34,13
2023/7/31 23:13,76.3,60,58.1,96,57.0,58.1,0.0,0.0,339,29.02,29.02,0.0,0,0.00,0.00,0.00,0.00,0.78,1.34,13
2023/7/31 23:14,76.3,60,58.1,96,57.0,58.1,0.0,0.0,339,29.02,29.02,0.0,0,0.00,0.00,0.00,0.00,0.78,1.34,13
2023/7/31 23:15,76.3,60,58.1,96,57.0,58.1,0.0,0.0,339,29.02,29.02,0.0,0,0.00,0.00,0.00,0.00,0.78,1.34,13
2023/7/31 23:16,76.3,60,57.9,96,56.8,57.9,0.0,0.0,339,29.02,29.02,0.0,0,0.00,0.00,0.00,0.00,0.78,1.34,12
2023/7/31 23:17,76.3,60,57.9,96,56.8,57.9,0.0,0.0,339,29.03,29.03,0.0,0,0.00,0.00,0.00,0.00,0.78,1.34,12
2023/7/31 23:18,76.3,60,57.9,96,56.8,57.9,0.0,0.0,339,29.02,29.02,0.0,0,0.00,0.00,0.00,0.00,0.78,1.34,12
2023/7/31 23:19,76.3,59,57.9,96,56.8,57.9,0.0,0.0,339,29.02,29.02,0.0,0,0.00,0.00,0.00,0.00,0.78,1.34,12
2023/7/31 23:20,76.3,59,57.9,96,56.8,57.9,0.0,0.0,339,29.02,29.02,0.0,0,0.00,0.00,0.00,0.00,0.78,1.34,12
2023/7/31 23:21,76.3,59,57.9,96,56.8,57.9,0.0,0.0,339,29.02,29.02,0.0,0,0.00,0.00,0.00,0.00,0.78,1.34,12
2023/7/31 23:22,76.1,59,57.9,96,56.8,57.9,0.0,0.0,339,29.02,29.02,0.0,0,0.00,0.00,0.00,0.00,0.78,1.34,12
2023/7/31 23:23,76.1,61,57.9,96,56.8,57.9,0.0,0.0,339,29.02,29.02,0.0,0,0.00,0.00,0.00,0.00,0.78,1.34,12
2023/7/31 23:24,76.1,61,57.9,96,56.8,57.9,0.0,0.0,339,29.02,29.02,0.0,0,0.00,0.00,0.00,0.00,0.78,1.34,12
2023/7/31 23:25,76.1,61,57.9,96,56.8,57.9,0.0,0.0,339,29.02,29.02,0.0,0,0.00,0.00,0.00,0.00,0.78,1.34,12
2023/7/31 23:26,76.1,61,57.9,96,56.8,57.9,0.0,0.0,339,29.02,29.02,0.0,0,0.00,0.00,0.00,0.00,0.78,1.34,15
2023/7/31 23:27,75.9,61,57.7,96,56.7,57.7,0.0,0.0,339,29.02,29.02,0.0,0,0.00,0.00,0.00,0.00,0.78,1.34,15
2023/7/31 23:28,76.1,61,57.7,96,56.7,57.7,0.0,0.0,339,29.02,29.02,0.0,0,0.00,0.00,0.00,0.00,0.78,1.34,15
2023/7/31 23:29,75.9,61,57.7,97,57.0,57.7,0.0,0.0,339,29.02,29.02,0.0,0,0.00,0.00,0.00,0.00,0.78,1.34,15
2023/7/31 23:30,76.1,61,57.7,97,57.0,57.7,0.0,0.0,339,29.02,29.02,0.0,0,0.00,0.00,0.00,0.00,0.78,1.34,15
2023/7/31 23:31,76.1,61,57.6,97,56.8,57.6,0.0,0.0,339,29.02,29.02,0.0,0,0.00,0.00,0.00,0.00,0.78,1.34,15
2023/7/31 23:32,76.1,61,57.6,97,56.8,57.6,0.0,0.0,339,29.02,29.02,0.0,0,0.00,0.00,0.00,0.00,0.78,1.34,15
2023/7/31 23:33,76.1,61,57.6,97,56.8,57.6,0.0,0.0,339,29.02,29.02,0.0,0,0.00,0.00,0.00,0.00,0.78,1.34,15
2023/7/31 23:34,75.9,61,57.6,97,56.8,57.6,0.0,0.0,339,29.02,29.02,0.0,0,0.00,0.00,0.00,0.00,0.78,1.34,15
2023/7/31 23:35,76.1,61,57.6,97,56.8,57.6,0.0,0.0,339,29.02,29.02,0.0,0,0.00,0.00,0.00,0.00,0.78,1.34,15
2023/7/31 23:36,76.1,60,57.6,97,56.8,57.6,0.0,0.0,339,29.02,29.02,0.0,0,0.00,0.00,0.00,0.00,0.78,1.34,12
2023/7/31 23:37,76.1,60,57.6,97,56.8,57.6,0.0,0.0,339,29.02,29.02,0.0,0,0.00,0.00,0.00,0.00,0.78,1.34,12
2023/7/31 23:38,76.1,60,57.6,97,56.8,57.6,0.0,0.0,339,29.02,29.02,0.0,0,0.00,0.00,0.00,0.00,0.78,1.34,12
2023/7/31 23:39,76.1,60,57.6,97,56.8,57.6,0.0,0.0,339,29.02,29.02,0.0,0,0.00,0.00,0.00,0.00,0.78,1.34,12
2023/7/31 23:40,76.1,60,57.6,97,56.8,57.6,0.0,0.0,339,29.02,29.02,0.0,0,0.00,0.00,0.00,0.00,0.78,1.34,12
2023/7/31 23:41,76.1,60,57.6,97,56.8,57.6,0.0,0.0,339,29.02,29.02,0.0,0,0.00,0.00,0.00,0.00,0.78,1.34,12
2023/7/31 23:42,76.1,60,57.6,97,56.8,57.6,0.0,0.0,339,29.02,29.02,0.0,0,0.00,0.00,0.00,0.00,0.78,1.34,12
2023/7/31 23:43,76.1,60,57.4,97,56.7,57.4,0.0,0.0,339,29.02,29.02,0.0,0,0.00,0.00,0.00,0.00,0.78,1.34,12
2023/7/31 23:44,76.1,60,57.4,97,56.7,57.4,0.0,0.0,339,29.03,29.03,0.0,0,0.00,0.00,0.00,0.00,0.78,1.34,12
2023/7/31 23:45,76.1,60,57.4,97,56.7,57.4,0.0,0.0,339,29.02,29.02,0.0,0,0.00,0.00,0.00,0.00,0.78,1.34,12
2023/7/31 23:46,76.1,60,57.4,97,56.7,57.4,0.0,0.0,339,29.03,29.03,0.0,0,0.00,0.00,0.00,0.00,0.78,1.34,15
2023/7/31 23:47,76.1,60,57.4,97,56.7,57.4,0.0,0.0,339,29.02,29.02,0.0,0,0.00,0.00,0.00,0.00,0.78,1.34,15
2023/7/31 23:48,75.9,59,57.4,97,56.7,57.4,0.0,0.0,339,29.02,29.02,0.0,0,0.00,0.00,0.00,0.00,0.78,1.34,15
2023/7/31 23:49,75.9,59,57.4,97,56.7,57.4,0.0,0.0,339,29.02,29.02,0.0,0,0.00,0.00,0.00,0.00,0.78,1.34,15
2023/7/31 23:50,75.9,60,57.4,97,56.7,57.4,0.0,0.0,339,29.03,29.03,0.0,0,0.00,0.00,0.00,0.00,0.78,1.34,15
2023/7/31 23:51,75.9,61,57.4,97,56.7,57.4,0.0,0.0,339,29.02,29.02,0.0,0,0.00,0.00,0.00,0.00,0.78,1.34,15
2023/7/31 23:52,75.7,61,57.6,97,56.8,57.6,0.0,0.0,339,29.03,29.03,0.0,0,0.00,0.00,0.00,0.00,0.78,1.34,15
2023/7/31 23:53,75.7,62,57.6,97,56.8,57.6,0.0,0.0,339,29.02,29.02,0.0,0,0.00,0.00,0.00,0.00,0.78,1.34,15
2023/7/31 23:54,75.7,62,57.4,97,56.7,57.4,0.0,0.0,339,29.02,29.02,0.0,0,0.00,0.00,0.00,0.00,0.78,1.34,15
2023/7/31 23:55,75.7,62,57.2,97,56.5,57.2,0.0,0.0,339,29.02,29.02,0.0,0,0.00,0.00,0.00,0.00,0.78,1.34,15
2023/7/31 23:56,75.7,62,57.2,97,56.5,57.2,0.0,0.0,339,29.02,29.02,0.0,0,0.00,0.00,0.00,0.00,0.78,1.34,9
2023/7/31 23:57,75.7,62,57.2,98,56.7,57.2,0.0,0.0,339,29.02,29.02,0.0,0,0.00,0.00,0.00,0.00,0.78,1.34,9
